pH;Ionization_1;Ionization_2;Ionization_3;Ionization_4;Ionization_5;Ionization_6;Ionization_7;Ionization_8;Ionization_9;Ionization_10;Ionization_11
0;100;0;0;0;0;0;0;0;0;0;0
0.1;100;0;0;0;0;0;0;0;0;0;0
0.2;100;0;0;0;0;0;0;0;0;0;0
0.3;100;0;0;0;0;0;0;0;0;0;0
0.4;100;0;0;0;0;0;0;0;0;0;0
0.5;100;0;0;0;0;0;0;0;0;0;0
0.6;100;0;0;0;0;0;0;0;0;0;0
0.7;100;0;0;0;0;0;0;0;0;0;0
0.8;100;0;0;0;0;0;0;0;0;0;0
0.9;100;0;0;0;0;0;0;0;0;0;0
1;100;0;0;0;0;0;0;0;0;0;0
1;100;0;0;0;0;0;0;0;0;0;0
1;100;0;0;0;0;0;0;0;0;0;0
1;100;0;0;0;0;0;0;0;0;0;0
1;100;0;0;0;0;0;0;0;0;0;0
2;100;0;0;0;0;0;0;0;0;0;0
2;100;0;0;0;0;0;0;0;0;0;0
2;100;0;0;0;0;0;0;0;0;0;0
2;100;0;0;0;0;0;0;0;0;0;0
2;100;0;0;0;0;0;0;0;0;0;0
2;100;0;0;0;0;0;0;0;0;0;0
2;100;0;0;0;0;0;0;0;0;0;0
2;100;0;0;0;0;0;0;0;0;0;0
2;100;0;0;0;0;0;0;0;0;0;0
2;100;0;0;0;0;0;0;0;0;0;0
3;100;0;0;0;0;0;0;0;0;0;0
3;100;0;0;0;0;0;0;0;0;0;0
3;100;0;0;0;0;0;0;0;0;0;0
3;100;0;0;0;0;0;0;0;0;0;0
3;100;0;0;0;0;0;0;0;0;0;0
3;100;0;0;0;0;0;0;0;0;0;0
3;100;0;0;0;0;0;0;0;0;0;0
3;100;0;0;0;0;0;0;0;0;0;0
3;100;0;0;0;0;0;0;0;0;0;0
3;100;0;0;0;0;0;0;0;0;0;0
4;100;0.001;0;0;0;0;0;0;0;0;0
4;100;0.001;0;0;0;0;0;0;0;0;0
4;100;0.001;0;0;0;0;0;0;0;0;0
4;100;0.001;0;0;0;0;0;0;0;0;0
4;100;0.001;0.001;0;0;0;0;0;0;0;0
4;100;0.002;0.001;0;0;0;0;0;0;0;0
4;100;0.002;0.001;0;0;0;0;0;0;0;0
4;100;0.003;0.001;0;0;0;0;0;0;0;0
4;100;0.003;0.001;0;0;0;0;0;0;0;0
4;100;0.004;0.002;0;0;0;0;0;0;0;0
5;100;0.005;0.002;0;0;0;0;0;0;0;0
5;100;0.007;0.003;0;0;0;0;0;0;0;0
5;100;0.008;0.004;0;0;0;0;0;0;0;0
5;100;0.01;0.005;0;0;0;0;0;0;0;0
5;100;0.013;0.006;0;0;0;0;0;0;0;0
5;100;0.017;0.007;0;0;0;0;0;0;0;0
5;100;0.021;0.009;0;0;0;0;0;0;0;0
5;100;0.026;0.012;0;0;0;0;0;0;0;0
5;100;0.033;0.015;0;0;0;0;0;0;0;0
5;100;0.042;0.018;0;0;0;0;0;0;0;0
6;100;0.052;0.023;0;0;0;0;0;0;0;0
6;100;0.066;0.029;0;0;0;0;0;0;0;0
6;100;0.083;0.036;0;0;0;0;0;0;0;0
6;100;0.104;0.046;0;0;0;0;0;0;0;0
6;100;0.131;0.058;0;0;0;0;0;0;0;0
6;100;0.165;0.073;0;0;0;0;0;0;0;0
6;100;0.208;0.091;0;0;0;0;0;0;0;0
6;100;0.262;0.115;0;0;0;0;0;0;0;0
6;100;0.329;0.144;0;0;0;0;0;0;0;0
6;99;0.414;0.182;0;0;0;0;0;0;0;0
7;99;0.52;0.228;0;0;0;0;0;0;0;0
7;99;0.653;0.287;0;0;0;0;0;0;0;0
7;99;0.82;0.36;0;0;0;0;0;0;0;0
7;99;1.03;0.452;0.001;0;0;0;0;0;0;0
7;98;1.291;0.567;0.001;0;0;0;0;0;0;0
7;98;1.618;0.71;0.002;0;0;0;0;0;0;0
7;97;2.025;0.889;0.003;0;0;0;0;0;0;0
7;96;2.53;1.111;0.005;0;0;0;0;0;0;0
7;95;3.155;1.385;0.007;0;0;0;0;0;0;0
7;94;3.925;1.724;0.012;0;0;0;0;0;0;0
8;93;4.87;2.139;0.018;0;0;0;0;0;0;0
8;91;6.021;2.644;0.028;0;0;0;0;0;0;0
8;89;7.413;3.255;0.044;0;0;0;0;0;0;0
8;87;9.079;3.987;0.068;0;0;0;0;0;0;0
8;84;11.052;4.853;0.104;0;0;0;0;0;0;0
8;81;13.355;5.864;0.158;0;0;0;0;0;0;0
8;77;16.002;7.027;0.238;0;0;0;0;0;0;0
8;72;18.987;8.337;0.355;0;0;0;0;0;0;0
8;67;22.28;9.783;0.524;0;0;0;0;0;0;0
8;62;25.825;11.34;0.765;0;0;0;0;0;0;0
9;56;29.537;12.97;1.102;0;0;0;0;0;0;0
9;51;33.304;14.624;1.564;0;0;0;0;0;0;0
9;45;36.996;16.245;2.187;0;0;0;0;0;0;0
9;39;40.476;17.773;3.013;0;0;0;0;0;0;0
9;33;43.609;19.149;4.087;0;0;0;0;0;0;0
9;28;46.272;20.318;5.459;0.001;0;0;0;0;0;0
9;23;48.365;21.237;7.183;0.001;0.001;0;0;0;0;0
9;19;49.812;21.873;9.314;0.001;0.001;0;0;0;0;0
9;15;50.562;22.202;11.902;0.002;0.002;0;0;0;0;0
9;12;50.59;22.214;14.992;0.004;0.003;0;0;0;0;0
10;10;49.894;21.909;18.614;0.006;0.005;0;0;0;0;0
10;7;48.499;21.296;22.778;0.009;0.008;0;0;0;0;0
10;6;46.451;20.397;27.465;0.013;0.012;0;0;0;0;0
10;4;43.825;19.244;32.622;0.02;0.018;0.001;0;0;0;0
10;3;40.72;17.881;38.159;0.029;0.026;0.001;0;0;0;0
10;2;37.256;16.359;43.952;0.042;0.038;0.001;0;0;0;0
10;2;33.567;14.739;49.853;0.06;0.054;0.002;0;0;0;0
10;1;29.791;13.081;55.702;0.084;0.076;0.002;0;0;0;0
10;0.788;26.06;11.443;61.343;0.116;0.106;0.003;0;0;0;0
10;0.54;22.487;9.874;66.638;0.159;0.144;0.004;0;0;0;0
11;0.366;19.161;8.414;71.482;0.215;0.195;0.006;0;0;0;0
11;0.245;16.14;7.087;75.802;0.287;0.26;0.008;0;0;0;0
11;0.162;13.456;5.909;79.56;0.379;0.344;0.01;0;0;0;0
11;0.106;11.117;4.881;82.748;0.497;0.45;0.013;0;0;0;0
11;0.069;9.111;4.001;85.378;0.645;0.585;0.018;0.001;0;0;0
11;0.045;7.415;3.256;87.477;0.832;0.754;0.023;0.001;0;0;0
11;0.029;5.997;2.634;89.075;1.067;0.967;0.029;0.002;0;0;0
11;0.018;4.824;2.118;90.203;1.36;1.233;0.037;0.003;0.001;0;0
11;0.012;3.861;1.695;90.886;1.725;1.564;0.047;0.004;0.001;0.001;0
11;0.007;3.076;1.351;91.141;2.177;1.974;0.059;0.007;0.001;0.001;0
12;0.005;2.439;1.071;90.975;2.736;2.481;0.074;0.011;0.002;0.002;0
12;0.003;1.924;0.845;90.382;3.422;3.103;0.093;0.018;0.003;0.003;0
12;0.002;1.511;0.664;89.349;4.259;3.861;0.116;0.028;0.005;0.004;0
12;0.001;1.18;0.518;87.85;5.272;4.78;0.143;0.043;0.008;0.006;0
12;0.001;0.916;0.402;85.854;6.486;5.88;0.176;0.067;0.013;0.01;0
12;0;0.706;0.31;83.33;7.925;7.185;0.215;0.103;0.02;0.015;0
12;0;0.54;0.237;80.249;9.608;8.711;0.261;0.157;0.031;0.023;0
12;0;0.41;0.18;76.591;11.545;10.467;0.314;0.237;0.047;0.034;0.001
12;0;0.307;0.135;72.361;13.731;12.449;0.373;0.355;0.07;0.051;0.001
12;0;0.228;0.1;67.586;16.146;14.639;0.439;0.526;0.103;0.076;0.003
13;0;0.167;0.073;62.329;18.746;16.996;0.509;0.769;0.151;0.11;0.005
13;0;0.121;0.053;56.691;21.465;19.461;0.583;1.108;0.218;0.159;0.009
13;0;0.086;0.038;50.803;24.216;21.955;0.658;1.574;0.309;0.226;0.016
13;0;0.06;0.026;44.819;26.895;24.384;0.731;2.201;0.432;0.316;0.028
13;0;0.042;0.018;38.904;29.391;26.647;0.799;3.028;0.595;0.435;0.049
13;0;0.028;0.012;33.215;31.59;28.641;0.859;4.097;0.804;0.588;0.083
13;0;0.019;0.008;27.888;33.391;30.273;0.907;5.452;1.07;0.783;0.139
13;0;0.012;0.005;23.023;34.705;31.464;0.943;7.134;1.401;1.025;0.229
13;0;0.008;0.003;18.689;35.465;32.153;0.964;9.177;1.802;1.318;0.371
13;0;0.005;0.002;14.913;35.627;32.3;0.968;11.607;2.279;1.667;0.59
14;0;0.003;0.001;11.694;35.171;31.887;0.956;14.425;2.832;2.072;0.924
14;0;0.002;0.001;9.007;34.103;30.919;0.927;17.608;3.457;2.529;1.42
14;0;0.001;0.001;6.808;32.454;29.423;0.882;21.095;4.142;3.03;2.141
14;0;0.001;0;5.046;30.283;27.456;0.823;24.781;4.866;3.559;3.166
14;0;0;0;3.664;27.679;25.094;0.752;28.515;5.599;4.095;4.587
14;0;0;0;2.603;24.753;22.442;0.673;32.103;6.304;4.611;6.501
