Frame,Time (ns),Radius of Gyration
1,0.0,3.483481533094164
2,0.100002,3.456691582962838
3,0.200004,3.5041545029272396
4,0.30000600000000005,3.455924531534784
5,0.400008,3.469810060494428
6,0.50001,3.4712125413465436
7,0.6000120000000001,3.4908081693604105
8,0.700014,3.485816993389005
9,0.800016,3.4941178363826397
10,0.900018,3.4505645653567623
11,1.00002,3.4691182112838876
12,1.1000219999999998,3.487866074386461
13,1.2000240000000002,3.5000430523641444
14,1.3000260000000001,3.5144007429361013
15,1.400028,3.46268944399994
16,1.50003,3.4889862365873614
17,1.600032,3.466129361557486
18,1.700034,3.482512073452761
19,1.800036,3.5258094786549186
20,1.9000380000000001,3.5057351255753946
21,2.00004,3.509455197882348
22,2.1000419999999997,3.508179966844137
23,2.2000439999999997,3.4984789734398074
24,2.300046,3.5131444370213627
25,2.4000480000000004,3.4532289376783227
26,2.5000500000000003,3.508503590059929
27,2.6000520000000003,3.4917887042381444
28,2.700054,3.4768011509834174
29,2.800056,3.5632303372900376
30,2.900058,3.4825919577231286
31,3.00006,3.471308935114971
32,3.100062,3.5030055802419655
33,3.200064,3.4749383587014324
34,3.300066,3.474493484734453
35,3.400068,3.5081343627603094
36,3.50007,3.5161599651222906
37,3.600072,3.4864047858956067
38,3.700074,3.4615206128176395
39,3.8000760000000002,3.4860103708361616
40,3.900078,3.4388280200790944
41,4.00008,3.455644032221214
42,4.1000820000000004,3.4815478229550103
43,4.2000839999999995,3.5275388402880905
44,4.300086,3.448767715718392
45,4.400087999999999,3.4683314031726926
46,4.50009,3.4910557943506557
47,4.600092,3.5211716083790465
48,4.700094,3.4597246914711337
49,4.800096000000001,3.48039620621449
50,4.900098,3.5123834789231774
51,5.000100000000001,3.531189127649609
52,5.100102,3.531173730476682
53,5.2001040000000005,3.5174694964314384
54,5.3001059999999995,3.489040210367527
55,5.400108,3.436364208981281
56,5.500109999999999,3.5288040776286755
57,5.600112,3.49416383864995
58,5.700114,3.536005841039258
59,5.800116,3.4819309519414716
60,5.900118,3.4685620027308457
61,6.00012,3.4887306735802373
62,6.100122000000001,3.463160065699471
63,6.200124,3.452784911240055
64,6.300126000000001,3.5024823211091607
65,6.400128,3.4682116482614584
66,6.50013,3.507663368034019
67,6.600132,3.5888276712822336
68,6.700134,3.5484277109395443
69,6.800136,3.5454727835693314
70,6.900138,3.4887146367043083
71,7.00014,3.4695144780425937
72,7.100142,3.443905768161432
73,7.200144,3.471639941355246
74,7.300146,3.4752620056398027
75,7.400148,3.553850102012271
76,7.5001500000000005,3.505300370819182
77,7.6001520000000005,3.4955342795984423
78,7.700154,3.467689379280928
79,7.800156,3.4943248186997997
80,7.900158,3.4577090658117955
81,8.00016,3.5025772892868665
82,8.100162000000001,3.483796383744333
83,8.200164000000001,3.504514299581173
84,8.300166,3.5034065926401157
85,8.400167999999999,3.492682189903801
86,8.50017,3.5450478779283867
87,8.600172,3.497869516301884
88,8.700174,3.4856655607604097
89,8.800175999999999,3.520008730833973
90,8.900178,3.4491917533216814
91,9.00018,3.456721388321805
92,9.100182,3.4889770193918683
93,9.200184,3.4440850851449154
94,9.300186,3.5087580719855938
95,9.400188,3.5007953272811725
96,9.50019,3.485383579345709
97,9.600192000000002,3.5280789666147925
98,9.700194,3.490089916875186
99,9.800196,3.5139900981216527
100,9.900198,3.4914295783851452
101,10.000200000000001,3.4829811348272037
102,10.100202,3.466858976889644
103,10.200204,3.4750156147686093
104,10.300206,3.4607803673343542
105,10.400208000000001,3.4893079960952447
106,10.500210000000001,3.49236842116366
107,10.600211999999999,3.516062028438158
108,10.700214,3.495870936157568
109,10.800216,3.487083376555428
110,10.900218,3.4749650205348455
111,11.000219999999999,3.518892539092715
112,11.100222,3.488480193813056
113,11.200224,3.460090481215681
114,11.300226,3.455462400971475
115,11.400228,3.4988343421687746
116,11.50023,3.4617894309930684
117,11.600232,3.484442521271466
118,11.700234,3.463180339002707
119,11.800236,3.501512646585138
120,11.900238,3.4749209526450167
121,12.00024,3.497063234440572
122,12.100242,3.4906261544753696
123,12.200244000000001,3.4813374554209937
124,12.300246000000001,3.4967508782240495
125,12.400248,3.499482559166347
126,12.50025,3.477251388881935
127,12.600252000000001,3.474640266821639
128,12.700254000000001,3.484498131015696
129,12.800256,3.455073723359235
130,12.900258,3.475584095988761
131,13.00026,3.4835788361197504
132,13.100262,3.4750086235204316
133,13.200264,3.454816442547592
134,13.300265999999999,3.452957305414903
135,13.400268,3.4385556083007525
136,13.50027,3.508343226557731
137,13.600272,3.5075213149458624
138,13.700274,3.4974869935165445
139,13.800276,3.4792116634370673
140,13.900278,3.448401282366918
141,14.00028,3.438831254589575
142,14.100282000000002,3.446011770929097
143,14.200284,3.48310236498121
144,14.300286,3.463491072350082
145,14.400288,3.486296169167031
146,14.500290000000001,3.4470206538905823
147,14.600292,3.4671101979839762
148,14.700294,3.463305074679116
149,14.800296,3.486510028721887
150,14.900298000000001,3.5098567270285552
151,15.000300000000001,3.500930795034882
152,15.100302,3.496995910759537
153,15.200304000000001,3.502686395601095
154,15.300306,3.4927273254650766
155,15.400308,3.4950599197009224
156,15.500309999999999,3.4989414444929587
157,15.600312,3.4611817414803605
158,15.700314,3.476098734687221
159,15.800316,3.467720164279776
160,15.900318,3.4852725456652425
161,16.00032,3.4690244988410206
162,16.100322,3.5150027753797555
163,16.200324000000002,3.4478189316313888
164,16.300326000000002,3.4807618407183
165,16.400328000000002,3.4495146072063925
166,16.50033,3.506718680613428
167,16.600332,3.5121094016821393
168,16.700333999999998,3.49706205492861
169,16.800335999999998,3.4984371771573994
170,16.900338,3.5001222428039305
171,17.00034,3.4529834049182804
172,17.100342,3.4966750328784193
173,17.200344,3.5255052996965373
174,17.300346,3.462765592172436
175,17.400348,3.4652675177338232
176,17.50035,3.5032525029579746
177,17.600351999999997,3.478293537705837
178,17.700354,3.453571667044607
179,17.800356,3.513034612563251
180,17.900358,3.4633592272933273
181,18.00036,3.4999096043208047
182,18.100362,3.530654007798153
183,18.200364,3.491870088437386
184,18.300366,3.5159472130742677
185,18.400368,3.4930452803078373
186,18.50037,3.482456654048036
187,18.600372,3.4770977472167197
188,18.700374,3.4570419354262643
189,18.800376,3.4701266801598916
190,18.900378,3.471475906793982
191,19.00038,3.5311298160112097
192,19.100382,3.542136569168673
193,19.200384000000003,3.542122397370545
194,19.300386,3.5621090936492634
195,19.400388,3.504687247565608
196,19.50039,3.5219303022468798
197,19.600392,3.505886789317182
198,19.700394,3.5136093615267554
199,19.800396,3.573855917395142
200,19.900398000000003,3.5015334551518054
201,20.000400000000003,3.4890857422561865
202,20.100402000000003,3.5460537501409206
203,20.200404,3.5544638605082026
204,20.300406,3.5058927724739952
205,20.400408,3.5722007001096014
206,20.50041,3.567505796971005
207,20.600412,3.535588565793331
208,20.700414000000002,3.521218979002205
209,20.800416000000002,3.5324758160934975
210,20.900418000000002,3.5234791853309937
211,21.000420000000002,3.5346577229460148
212,21.100422,3.5253807114222253
213,21.200423999999998,3.4911258939299166
214,21.300425999999998,3.454446691549843
215,21.400428,3.487908767902611
216,21.50043,3.472228117609846
217,21.600432,3.4797451096053216
218,21.700434,3.4459663168352805
219,21.800436,3.4578620061324097
220,21.900438,3.515247952688757
221,22.000439999999998,3.4832115977019957
222,22.100441999999997,3.514791616461129
223,22.200444,3.5266208611083485
224,22.300446,3.481897308501631
225,22.400448,3.4797226328159874
226,22.50045,3.497059400510956
227,22.600452,3.478505715789214
228,22.700454,3.5041717202055542
229,22.800456,3.4906624969843656
230,22.900458,3.4584401621691234
231,23.00046,3.465385334406351
232,23.100462,3.4555173910013037
233,23.200464,3.4870306650438283
234,23.300466,3.4553931714710933
235,23.400468,3.4986937891212913
236,23.50047,3.472085769994395
237,23.600472,3.461670419387912
238,23.700474000000003,3.490374531705495
239,23.800476,3.499135891057359
240,23.900478,3.4672067722692144
241,24.00048,3.4444055955762085
242,24.100482,3.467447800844571
243,24.200484,3.505866500288156
244,24.300486,3.5074647395763363
245,24.400488000000003,3.5157356472799695
246,24.500490000000003,3.5045309132745173
247,24.600492000000003,3.4835149242822334
248,24.700494,3.4839962621424405
249,24.800496,3.4939016726881045
250,24.900498,3.4521170452790546
251,25.0005,3.4453282640206373
252,25.100502,3.509998982685932
253,25.200504000000002,3.4888851191056163
254,25.300506000000002,3.499270460663448
255,25.400508000000002,3.4735986413701876
256,25.500510000000002,3.4860426105833264
257,25.600512,3.5236302593345226
258,25.700514,3.5163325488012216
259,25.800516,3.4865077544364196
260,25.900518,3.4905587704393324
261,26.00052,3.4984375342006833
262,26.100522,3.4713184042684953
263,26.200524,3.480234810265662
264,26.300526,3.4979207411885684
265,26.400528,3.4822541746169704
266,26.500529999999998,3.4836458249151727
267,26.600531999999998,3.5027440299938912
268,26.700534,3.5079867557801463
269,26.800536,3.4680136740173797
270,26.900538,3.4556791079021556
271,27.00054,3.4878151546782648
272,27.100542,3.5176721782004354
273,27.200544,3.506656410828654
274,27.300546,3.490087376888004
275,27.400548,3.5033109391159325
276,27.50055,3.480869376179923
277,27.600552,3.474572779912903
278,27.700554,3.498968825967639
279,27.800556,3.497486340127303
280,27.900558,3.4629799077036205
281,28.00056,3.4926167382179267
282,28.100562,3.4604088297997944
283,28.200564000000004,3.4772290919393503
284,28.300566,3.4925649814271438
285,28.400568,3.5114222409711218
286,28.50057,3.5007567130640953
287,28.600572,3.5073292864378245
288,28.700574,3.4931648530684334
289,28.800576,3.4942858660491187
290,28.900578000000003,3.5026652724511367
291,29.000580000000003,3.483414457176308
292,29.100582000000003,3.4770354449665
293,29.200584,3.502100016427728
294,29.300586,3.4600481767841136
295,29.400588,3.4886113038145194
296,29.50059,3.4884825332376135
297,29.600592,3.491192827181011
298,29.700594000000002,3.4841141835071276
299,29.800596000000002,3.4510880165429034
300,29.900598000000002,3.4768498195844018
301,30.000600000000002,3.4791730698979144
302,30.100602,3.466863401204199
303,30.200604,3.47750135824964
304,30.300606,3.473438411201864
305,30.400608000000002,3.4746033665617464
306,30.50061,3.4769225013031946
307,30.600612,3.524982588869456
308,30.700614,3.4826884748369347
309,30.800616,3.480237569351411
310,30.900618,3.463669701230831
311,31.000619999999998,3.5118811860406316
312,31.100621999999998,3.511406188407315
313,31.200624,3.455106268621994
314,31.300626,3.48296982682498
315,31.400628,3.485885325687816
316,31.50063,3.4930410609701674
317,31.600632,3.4682881480085705
318,31.700634,3.500512007434935
319,31.800636,3.444972605084751
320,31.900638,3.50804382355019
321,32.00064,3.503713687804266
322,32.100642,3.4691291375006474
323,32.200644,3.490221254489478
324,32.300646,3.4887635750799553
325,32.400648000000004,3.4958754067142577
326,32.50065,3.4572795405158043
327,32.600652000000004,3.4876776171631354
328,32.700654,3.510843227531026
329,32.800656000000004,3.4536445509544778
330,32.900658,3.481419593668059
331,33.00066,3.5222282568427543
332,33.10066200000001,3.4882035048312625
333,33.200664,3.4791104718134407
334,33.300666,3.4710680765404764
335,33.400667999999996,3.603750012101373
336,33.50067,3.5259547657637507
337,33.600671999999996,3.475814449487972
338,33.700674,3.4846243975858116
339,33.800676,3.4960260389110625
340,33.900678,3.461696014472389
341,34.00068,3.493856088308213
342,34.100682,3.4678305849287567
343,34.200684,3.490649191638218
344,34.300686,3.5048163185252235
345,34.400688,3.463267349593029
346,34.500690000000006,3.526909391709229
347,34.600692,3.4643391732643303
348,34.700694000000006,3.4974994672975073
349,34.800696,3.5066215469676085
350,34.900698000000006,3.454369756937769
351,35.0007,3.5000791748156073
352,35.100702,3.481048481681575
353,35.200703999999995,3.4872561795179067
354,35.300706,3.4624492578330446
355,35.400708,3.50427010545212
356,35.50071,3.4976218091073226
357,35.600712,3.50026251750276
358,35.700714,3.4681805095624876
359,35.800716,3.4796471150261983
360,35.900718,3.498184601725679
361,36.00072,3.483564667187734
362,36.100722000000005,3.463484496029548
363,36.200724,3.4653530819026157
364,36.300726000000004,3.459154556909268
365,36.400728,3.480121536023062
366,36.500730000000004,3.4988949274303716
367,36.600732,3.46697690744386
368,36.700734000000004,3.4974365480725824
369,36.800736,3.487264753528436
370,36.900738,3.453891374640082
371,37.00074,3.4343100868878196
372,37.100742,3.505313002822107
373,37.200744,3.4565822319280537
374,37.300746,3.501651698438702
375,37.400748,3.5010717004392684
376,37.50075,3.464674535712589
377,37.600752,3.4883054940740643
378,37.700754,3.46427958034803
379,37.800756,3.456954416168032
380,37.900758,3.452668256863568
381,38.00076,3.4785361613003056
382,38.100762,3.4812242406284652
383,38.200764,3.495586169935236
384,38.300766,3.4828697533398203
385,38.40076800000001,3.5002061253242975
386,38.50077,3.475674495565589
387,38.600772,3.457698856462697
388,38.700773999999996,3.482233643318962
389,38.800776,3.488015390174426
390,38.900777999999995,3.4505057245134054
391,39.00078,3.509254682485804
392,39.100782,3.447253279511813
393,39.200784,3.4751849117818097
394,39.300786,3.517609417618445
395,39.400788,3.508487070685974
396,39.50079,3.457860365192678
397,39.600792,3.512523325105935
398,39.700794,3.44720127640852
399,39.800796000000005,3.4870211973097254
400,39.900798,3.4276308634035733
401,40.000800000000005,3.476397347632883
402,40.100802,3.4578664843996982
403,40.200804000000005,3.4899921082738934
404,40.300806,3.4772041003914738
405,40.400808,3.492574932874396
406,40.500809999999994,3.482070687422817
407,40.600812,3.4850782997229253
408,40.700814,3.491090171540166
409,40.800816,3.515570475042807
410,40.900818,3.5346040942020847
411,41.00082,3.5514909731001416
412,41.100822,3.521704502458574
413,41.200824,3.4760132544452778
414,41.300826,3.518565511719811
415,41.400828000000004,3.498878968218844
416,41.50083,3.470948649387034
417,41.600832000000004,3.446261321436433
418,41.700834,3.470297520661367
419,41.800836000000004,3.5349661718070013
420,41.900838,3.4724386780221956
421,42.000840000000004,3.4990673913514048
422,42.10084200000001,3.5156552466843145
423,42.200844,3.5095791865931143
424,42.300846,3.5033806002730024
425,42.400847999999996,3.49004748594828
426,42.50085,3.476355465715591
427,42.600851999999996,3.5102418539567335
428,42.700854,3.5467271633938955
429,42.800856,3.498164143337466
430,42.900858,3.4800770663245295
431,43.00086,3.47854427511192
432,43.100862,3.537172742450564
433,43.200864,3.5284946466547837
434,43.300866,3.4480998094876507
435,43.400868,3.494162139295497
436,43.500870000000006,3.492015674333935
437,43.600872,3.4615656079574695
438,43.700874000000006,3.4662262541411133
439,43.800876,3.471844003820211
440,43.900878000000006,3.486147625857331
441,44.000879999999995,3.4920097992078825
442,44.100882,3.4616836286578407
443,44.200883999999995,3.472475731606369
444,44.300886,3.4635765196287744
445,44.400888,3.4807018018480367
446,44.50089,3.4721265871611586
447,44.600892,3.4558000832949882
448,44.700894,3.4792131253013054
449,44.800896,3.5072528056436574
450,44.900898,3.486194401617672
451,45.0009,3.4723358796626433
452,45.100902000000005,3.457770094790939
453,45.200904,3.4848306235224817
454,45.300906000000005,3.4996813227395354
455,45.400908,3.4899030091419356
456,45.500910000000005,3.5133916447200564
457,45.600912,3.478918601165271
458,45.700914000000004,3.4736540495228887
459,45.800916,3.4736711738193864
460,45.900918,3.4760882930570194
461,46.00092,3.466428718200221
462,46.100922,3.5324125594277316
463,46.200924,3.5170127803994977
464,46.300926,3.474988458632359
465,46.400928,3.4717796298303796
466,46.50093,3.4922998156366476
467,46.600932,3.486545267034088
468,46.700934000000004,3.500077463077024
469,46.800936,3.4929372800827356
470,46.900938000000004,3.519999660836365
471,47.00094,3.493496178453822
472,47.100942,3.4932905791286784
473,47.200944,3.534835657657118
474,47.300946,3.4608288370263116
475,47.40094800000001,3.4843528422658303
476,47.50095,3.4884819130374844
477,47.600952,3.4947103566736755
478,47.700953999999996,3.5256022846794464
479,47.800956,3.486042982699133
480,47.900957999999996,3.4992595652082694
481,48.00096,3.483438827042581
482,48.100962,3.480385886477496
483,48.200964,3.4859080035288916
484,48.300966,3.5070395731485564
485,48.400968,3.463334078663613
486,48.50097,3.477711637442853
487,48.600972,3.4410243263299947
488,48.700974,3.5166701456323315
489,48.800976000000006,3.479375619791392
490,48.900978,3.5178299080723328
491,49.000980000000006,3.476728607713362
492,49.100982,3.480482552628278
493,49.200984000000005,3.51173656051751
494,49.300986,3.5036194418308235
495,49.400988,3.5003353443023966
496,49.500989999999994,3.480275732200536
497,49.600992,3.4784441390737046
498,49.700994,3.439966889343497
499,49.800996,3.4989079264447875
500,49.900998,3.483028693976352
501,50.001,3.49838058818524
502,50.101002,3.485860996598785
503,50.201004,3.4949626813125496
504,50.301006,3.434918887849233
505,50.401008000000004,3.4610073995302493
506,50.50101,3.49644832681969
507,50.601012000000004,3.5057704756671946
508,50.701014,3.48540981888262
509,50.801016000000004,3.5366835202692894
510,50.901018,3.467084857791727
511,51.001020000000004,3.5227680168616002
512,51.10102200000001,3.5043585231503385
513,51.201024,3.477428066706231
514,51.301026,3.498232121294242
515,51.401028,3.4580662384528216
516,51.50103,3.529161651774239
517,51.601032,3.502127112699557
518,51.701034,3.458033445731271
519,51.801036,3.506476018869295
520,51.901038,3.4866419270419233
521,52.00104,3.439373117010958
522,52.101042,3.456823286003873
523,52.201044,3.4863134725784577
524,52.301046,3.4618815699886714
525,52.401048,3.45750390081178
526,52.501050000000006,3.4666575897310117
527,52.601052,3.4764070199018526
528,52.701054000000006,3.481996083758903
529,52.801056,3.4734136206674617
530,52.901058000000006,3.5035927625847965
531,53.001059999999995,3.4975290328709114
532,53.101062,3.4912733951993364
533,53.201063999999995,3.4869888995374896
534,53.301066,3.458778614083225
535,53.401068,3.450478261718845
536,53.50107,3.4759305193004257
537,53.601072,3.5016710466434753
538,53.701074,3.4705952674769085
539,53.801076,3.4607219553321684
540,53.901078,3.5173021789402035
541,54.00108,3.4746828992937835
542,54.101082000000005,3.4954488998796958
543,54.201084,3.505406873059746
544,54.301086000000005,3.4453235585556374
545,54.401088,3.4703161625591306
546,54.501090000000005,3.5037088604336124
547,54.601092,3.478945447410859
548,54.701094000000005,3.496920736076762
549,54.801096,3.484174276934597
550,54.901098,3.485548440577744
551,55.0011,3.4757561274046873
552,55.101102,3.4999031148208535
553,55.201104,3.4620861347483216
554,55.301106,3.4872489524681107
555,55.401108,3.4906244034738987
556,55.50111,3.4613754464123945
557,55.601112,3.5039591954313583
558,55.701114000000004,3.530810584690461
559,55.801116,3.502173724802659
560,55.901118000000004,3.4668479261552507
561,56.00112,3.4850847416043105
562,56.101122000000004,3.488105130948776
563,56.201124,3.492333757422906
564,56.301126000000004,3.488735333177966
565,56.40112800000001,3.4730559471646103
566,56.50113,3.483600469044548
567,56.601132,3.5040888177873333
568,56.701133999999996,3.4815380841788657
569,56.801136,3.497233829979627
570,56.901137999999996,3.4785232166974223
571,57.00114,3.4527467644406
572,57.101142,3.520106268309842
573,57.201144,3.511546989461024
574,57.301146,3.5265491959129665
575,57.401148,3.4805372515537587
576,57.50115,3.513384900893059
577,57.601152,3.4968859331106406
578,57.701154,3.5237123609287258
579,57.801156000000006,3.459706249474161
580,57.901158,3.478121111159321
581,58.001160000000006,3.4511191328273325
582,58.101162,3.4764556891421026
583,58.201164000000006,3.4992611461344323
584,58.301166,3.4636828608774524
585,58.401168,3.49833215664439
586,58.501169999999995,3.486950156093745
587,58.601172,3.4640597431840607
588,58.701174,3.483645503923374
589,58.801176,3.4912061670432792
590,58.901178,3.4753897434283956
591,59.00118,3.4855823158234776
592,59.101182,3.487348365508952
593,59.201184,3.460256076194151
594,59.301186,3.5148266271317423
595,59.401188000000005,3.4896618497914194
596,59.50119,3.474549033608336
597,59.601192000000005,3.4913443931088386
598,59.701194,3.4651648499003307
599,59.801196000000004,3.4684537753413562
600,59.901198,3.5099678084543937
601,60.001200000000004,3.456541672166565
602,60.10120200000001,3.527862457570912
603,60.201204,3.516327782425122
604,60.301206,3.4736151321168456
605,60.401208,3.4954454276564246
606,60.50121,3.4852340074686
607,60.601212,3.4914893657110295
608,60.701214,3.5165599255670985
609,60.801216000000004,3.4997010033795957
610,60.901218,3.468745054716998
611,61.00122,3.449549397933802
612,61.101222,3.5057756652093564
613,61.201224,3.4555338076836426
614,61.301226,3.498650683578891
615,61.401228,3.458310975963608
616,61.50123000000001,3.4949754983389534
617,61.601232,3.430980841566437
618,61.70123400000001,3.4863336064998602
619,61.801236,3.4830847334510424
620,61.901238000000006,3.4851837324355226
621,62.001239999999996,3.5140097382578426
622,62.101242,3.4709530114525484
623,62.201243999999996,3.4733983084324147
624,62.301246,3.5299399466539203
625,62.401248,3.4946871519103957
626,62.50125,3.4807897543711883
627,62.601252,3.5188506977457292
628,62.701254,3.4866193325683983
629,62.801256,3.5054892754863514
630,62.901258,3.4795886718203186
631,63.00126,3.50632136770638
632,63.101262000000006,3.5039118627433807
633,63.201264,3.4884356771020286
634,63.301266000000005,3.4987753869062215
635,63.401268,3.4769080129676633
636,63.501270000000005,3.452088538550554
637,63.601272,3.491302681643452
638,63.701274000000005,3.5068547346272485
639,63.801276,3.464254329265534
640,63.901278,3.464502347978122
641,64.00128,3.4689563573351583
642,64.101282,3.4987513906812273
643,64.201284,3.4783016606227224
644,64.301286,3.511577311951049
645,64.401288,3.467593444480418
646,64.50129,3.5015609110302965
647,64.601292,3.486550909248057
648,64.701294,3.497772385527549
649,64.80129600000001,3.5190046548535654
650,64.901298,3.494008034565248
651,65.0013,3.454558145443827
652,65.101302,3.457956101557734
653,65.20130400000001,3.4558277484139026
654,65.30130600000001,3.4877786365987693
655,65.401308,3.5219282517473314
656,65.50131,3.489915617312367
657,65.60131200000001,3.4504717688010236
658,65.701314,3.4556810961390894
659,65.801316,3.505290960946888
660,65.901318,3.4901907509057253
661,66.00132,3.5026010952387026
662,66.101322,3.4783450961882294
663,66.20132400000001,3.4886341136002943
664,66.301326,3.4616975453865613
665,66.401328,3.520830395921461
666,66.50133,3.5148293593801796
667,66.601332,3.5019606187926264
668,66.701334,3.473844644564867
669,66.80133599999999,3.4815998860201662
670,66.90133800000001,3.4898767028138207
671,67.00134,3.480640830560693
672,67.101342,3.5087566343677348
673,67.20134399999999,3.495066303842752
674,67.30134600000001,3.50784124107409
675,67.401348,3.4859654174335404
676,67.50135,3.5171015710814393
677,67.601352,3.4733101540221787
678,67.70135400000001,3.4809301050641226
679,67.801356,3.5092005104647104
680,67.901358,3.486815795987494
681,68.00136,3.479803185393182
682,68.10136200000001,3.494234098997732
683,68.201364,3.472320373517992
684,68.301366,3.493131242755111
685,68.401368,3.4659522202168307
686,68.50137,3.489637961697612
687,68.601372,3.51207965229124
688,68.701374,3.503920404887795
689,68.801376,3.470826717499778
690,68.901378,3.5053965150870634
691,69.00138000000001,3.4852806398158767
692,69.101382,3.4715324760899526
693,69.201384,3.48630576451118
694,69.301386,3.4781086043539298
695,69.40138800000001,3.5237431679505433
696,69.50139,3.4746469190535625
697,69.601392,3.4845953631028466
698,69.701394,3.464270440634718
699,69.80139600000001,3.5019204624958236
700,69.901398,3.510365449812875
701,70.0014,3.5026184798131363
702,70.10140200000001,3.4913490723871075
703,70.201404,3.4413172797067957
704,70.301406,3.4850593874985742
705,70.40140799999999,3.4464747444492967
706,70.50141,3.5018275812731288
707,70.601412,3.463967134459124
708,70.701414,3.5062165785914097
709,70.801416,3.4909659399509727
710,70.901418,3.489137305523845
711,71.00142,3.5055030216269416
712,71.101422,3.5279373493338997
713,71.201424,3.520429071977107
714,71.301426,3.5107120949355184
715,71.401428,3.471013395219868
716,71.50143000000001,3.430739254762401
717,71.601432,3.4668477735401577
718,71.701434,3.517183894262901
719,71.801436,3.487126677111643
720,71.901438,3.5085291203072226
721,72.00144,3.4769247548560176
722,72.10144199999999,3.4831624497572196
723,72.20144400000001,3.498102469497061
724,72.301446,3.4943505572985507
725,72.401448,3.506669317818977
726,72.50144999999999,3.4746361586209846
727,72.60145200000001,3.470991302190386
728,72.701454,3.4832532598172063
729,72.801456,3.479245150724716
730,72.901458,3.492479640158337
731,73.00146000000001,3.5001768016962953
732,73.101462,3.4722267499326067
733,73.201464,3.4453019239308564
734,73.301466,3.4849525882528165
735,73.40146800000001,3.477396378195172
736,73.50147,3.4593318865426204
737,73.601472,3.498846085673266
738,73.701474,3.4922134853392794
739,73.801476,3.5005280863341057
740,73.901478,3.492728013621375
741,74.00148,3.487689366153583
742,74.101482,3.470662186351051
743,74.201484,3.483535751936838
744,74.30148600000001,3.479542516808225
745,74.401488,3.5276893179821145
746,74.50149,3.5045919133049535
747,74.601492,3.4630456649453154
748,74.70149400000001,3.5299398932113744
749,74.801496,3.5072753690278824
750,74.901498,3.495987883912346
751,75.0015,3.489560030025685
752,75.10150200000001,3.4713176534394585
753,75.201504,3.500800732690172
754,75.301506,3.4471236872239426
755,75.401508,3.50435416957325
756,75.50151,3.4808200705080976
757,75.601512,3.4831704701183472
758,75.70151399999999,3.5035366531448777
759,75.801516,3.4907275034859944
760,75.901518,3.497023351245311
761,76.00152,3.5209957576493545
762,76.101522,3.4936248612034158
763,76.201524,3.486237871867951
764,76.301526,3.500464812753311
765,76.401528,3.4655162475260157
766,76.50153,3.468342737899075
767,76.601532,3.4515056327076192
768,76.701534,3.45205548815422
769,76.80153600000001,3.470502175615246
770,76.901538,3.4550353521018073
771,77.00154,3.539238303481531
772,77.101542,3.5036890699718035
773,77.201544,3.4825750635693775
774,77.301546,3.476079997431121
775,77.40154799999999,3.4996661069391237
776,77.50155000000001,3.493636366966922
777,77.601552,3.4886660612595604
778,77.701554,3.4647070346415876
779,77.80155599999999,3.4271641455282396
780,77.90155800000001,3.5112491090790923
781,78.00156,3.5050912428483203
782,78.101562,3.477476195345399
783,78.201564,3.512303329120205
784,78.30156600000001,3.4933925054542776
785,78.401568,3.503911627792483
786,78.50157,3.492454141626249
787,78.601572,3.494892831228223
788,78.70157400000001,3.503295694041692
789,78.801576,3.4477364364448766
790,78.90157800000001,3.483041695201516
791,79.00158,3.5001509052370516
792,79.101582,3.4442384596685156
793,79.201584,3.534556773719644
794,79.301586,3.512184218397674
795,79.401588,3.4643849889021925
796,79.50159,3.4905883019545803
797,79.60159200000001,3.507761405934072
798,79.701594,3.4951344717511845
799,79.801596,3.4810049010642587
800,79.90159799999999,3.464844804336814
801,80.00160000000001,3.4933109193741667
802,80.101602,3.5035493444809567
803,80.201604,3.5074551567146863
804,80.301606,3.4787697981713137
805,80.40160800000001,3.5009271729927063
806,80.50161,3.506081786917267
807,80.601612,3.458713043552502
808,80.701614,3.5151837224415345
809,80.801616,3.462289710340499
810,80.901618,3.4802936960462625
811,81.00161999999999,3.5244191305533334
812,81.101622,3.4969598653208154
813,81.201624,3.4871816666181497
814,81.301626,3.472575721831699
815,81.401628,3.466165483991546
816,81.50163,3.5446313721517986
817,81.601632,3.4517841308244432
818,81.701634,3.498278448006299
819,81.801636,3.5078136449639237
820,81.901638,3.4617173314141008
821,82.00164,3.4997436375024793
822,82.10164200000001,3.5129754618902167
823,82.201644,3.484900053947246
824,82.301646,3.4666761631934806
825,82.401648,3.4773598211802836
826,82.50165000000001,3.5035047742164473
827,82.601652,3.488580671905954
828,82.70165399999999,3.4843852104286044
829,82.80165600000001,3.4936826962028076
830,82.901658,3.473253051189881
831,83.00166,3.455646528056756
832,83.10166199999999,3.4753639540459136
833,83.20166400000001,3.537442505785864
834,83.301666,3.4426132763542894
835,83.401668,3.479836193056505
836,83.50167,3.4380588382531867
837,83.60167200000001,3.4930518369755257
838,83.701674,3.4603881556798686
839,83.801676,3.506057870124383
840,83.901678,3.44642368107419
841,84.00168000000001,3.478024577999946
842,84.101682,3.4467793890647243
843,84.20168400000001,3.447348314967357
844,84.301686,3.5159737832581652
845,84.401688,3.4937362605074926
846,84.50169,3.4570813980151267
847,84.601692,3.4968833508193247
848,84.701694,3.4606883686211454
849,84.80169599999999,3.4990007786606507
850,84.90169800000001,3.460164835161116
851,85.0017,3.484511648718964
852,85.101702,3.4899803951318913
853,85.20170399999999,3.4899685684394917
854,85.30170600000001,3.462134994411892
855,85.401708,3.467536796695652
856,85.50171,3.477329496346406
857,85.601712,3.455248483679355
858,85.70171400000001,3.465116436209976
859,85.801716,3.4856803283258695
860,85.901718,3.48273186635059
861,86.00172,3.463530005882738
862,86.10172200000001,3.504059208853774
863,86.201724,3.48959080308576
864,86.301726,3.459822345095846
865,86.401728,3.469176057681472
866,86.50173,3.5193775221581176
867,86.601732,3.5375102686943127
868,86.701734,3.474141662036663
869,86.801736,3.4608410993324012
870,86.901738,3.4868167309401015
871,87.00174000000001,3.4495140337672825
872,87.101742,3.5075281330460264
873,87.201744,3.4515380558653184
874,87.301746,3.458398805328421
875,87.40174800000001,3.503703787675319
876,87.50175,3.5170111303838643
877,87.601752,3.5211816865021186
878,87.701754,3.479620024234688
879,87.80175600000001,3.4687212521141677
880,87.901758,3.4979565059783266
881,88.00175999999999,3.493478686189717
882,88.10176200000001,3.5033624143632944
883,88.201764,3.4731408526129717
884,88.301766,3.501726528085809
885,88.40176799999999,3.491925333014968
886,88.50177000000001,3.5009033901422524
887,88.601772,3.4824853449978326
888,88.701774,3.476876113149894
889,88.801776,3.482965666375383
890,88.90177800000001,3.471327481129684
891,89.00178,3.4979483420333093
892,89.101782,3.462544438912443
893,89.201784,3.495251117724433
894,89.301786,3.5075468453057703
895,89.401788,3.482078691707601
896,89.50179000000001,3.491143525319934
897,89.601792,3.4719768317247426
898,89.701794,3.5040112021068817
899,89.801796,3.4813448871365082
900,89.901798,3.5072760005004353
901,90.0018,3.491635621507834
902,90.10180199999999,3.497994101088972
903,90.20180400000001,3.535766997243915
904,90.301806,3.4953625594071243
905,90.401808,3.5078756780377764
906,90.50180999999999,3.4687514154574934
907,90.60181200000001,3.5066503243413254
908,90.701814,3.4754854189618207
909,90.801816,3.467751490215553
910,90.901818,3.4596203891372714
911,91.00182000000001,3.472181528403588
912,91.101822,3.4389529637104825
913,91.201824,3.4771758996961357
914,91.301826,3.5114107527330827
915,91.40182800000001,3.4700183849907686
916,91.50183,3.471540331944752
917,91.601832,3.47716457058369
918,91.701834,3.50512844978437
919,91.801836,3.503034359172006
920,91.901838,3.514565080172499
921,92.00184,3.4475232238205717
922,92.101842,3.486623692604989
923,92.201844,3.4938958004972167
924,92.30184600000001,3.4428205660355653
925,92.401848,3.47927626335439
926,92.50185,3.505778231273304
927,92.601852,3.5164654080052062
928,92.70185400000001,3.4897576245598745
929,92.801856,3.5144907063600597
930,92.901858,3.486962124678189
931,93.00186,3.516641843484948
932,93.10186200000001,3.5059723328196193
933,93.201864,3.4959606222611086
934,93.301866,3.451246316080082
935,93.40186800000001,3.4818491362414075
936,93.50187,3.4731631824636273
937,93.601872,3.448977215313196
938,93.70187399999999,3.473017709412255
939,93.80187600000001,3.4723764622429325
940,93.901878,3.492061046034493
941,94.00188,3.4855796390273484
942,94.101882,3.480620899871734
943,94.201884,3.483949642122394
944,94.301886,3.4670998584711503
945,94.401888,3.4780414356541645
946,94.50189,3.5082648615640757
947,94.601892,3.51692276682254
948,94.701894,3.470590818781281
949,94.80189600000001,3.471606226131417
950,94.901898,3.497820264370514
951,95.0019,3.5100171121217203
952,95.101902,3.4423955341142416
953,95.201904,3.5138347893717885
954,95.301906,3.469858157511371
955,95.40190799999999,3.51073213696746
956,95.50191000000001,3.4728038457062707
957,95.601912,3.5152716494416887
958,95.701914,3.5228276680996555
959,95.80191599999999,3.424558307138816
960,95.90191800000001,3.4628010217437906
961,96.00192,3.453910652504303
962,96.101922,3.505163971477021
963,96.201924,3.4853568690211696
964,96.30192600000001,3.5117483050328286
965,96.401928,3.5056751736154075
966,96.50193,3.4599388460953757
967,96.601932,3.4815501335168615
968,96.70193400000001,3.472126681826162
969,96.801936,3.4928308639406107
970,96.90193800000002,3.4660223753824484
971,97.00194,3.480363122271942
972,97.101942,3.4747099195991855
973,97.201944,3.483703526054028
974,97.301946,3.4523647504765784
975,97.401948,3.4909807602708005
976,97.50195,3.5148105486825076
977,97.60195200000001,3.4556846583203193
978,97.701954,3.485960419166622
979,97.801956,3.50763177197459
980,97.901958,3.4540527431379746
981,98.00196000000001,3.493900295549067
982,98.101962,3.5368982948790824
983,98.201964,3.4741213285386907
984,98.30196600000001,3.453133718720665
985,98.40196800000001,3.4710059039113794
986,98.50197,3.4585146759269643
987,98.601972,3.482872811684505
988,98.701974,3.4862488508624008
989,98.801976,3.46693838555951
990,98.901978,3.4991015581611
991,99.00197999999999,3.479678446136142
992,99.101982,3.482095277303394
993,99.201984,3.4744842423761915
994,99.301986,3.484041214726995
995,99.401988,3.521772534636948
996,99.50199,3.4945018243557993
997,99.601992,3.4820259540328955
998,99.701994,3.4980030812605754
999,99.801996,3.491404499189282
1000,99.901998,3.4887144592579133
1001,100.002,3.4341836819403846
1002,100.10200200000001,3.454601966587252
1003,100.202004,3.5043799837724454
1004,100.302006,3.478125433948858
1005,100.402008,3.4925756847373175
1006,100.50201000000001,3.5100677564173823
1007,100.602012,3.491597843235526
1008,100.70201399999999,3.496840357098581
1009,100.80201600000001,3.499156244854252
1010,100.902018,3.486401254518375
1011,101.00202,3.44841612353061
1012,101.10202199999999,3.4796226319621737
1013,101.20202400000001,3.5004533815390944
1014,101.302026,3.4799829613018027
1015,101.402028,3.4807361013951175
1016,101.50203,3.500086411002161
1017,101.60203200000001,3.5132336938553212
1018,101.702034,3.443981043391107
1019,101.802036,3.478970335262679
1020,101.902038,3.4917049378152987
1021,102.00204000000001,3.535414913066906
1022,102.102042,3.4897875414762902
1023,102.20204400000001,3.4670428569744596
1024,102.302046,3.4919486550065866
1025,102.402048,3.5227834407558296
1026,102.50205,3.468613425113373
1027,102.602052,3.4666486135260257
1028,102.702054,3.481193000481339
1029,102.802056,3.4950794848729645
1030,102.90205800000001,3.4751859714530107
1031,103.00206,3.4523702803966922
1032,103.102062,3.4978103396849076
1033,103.202064,3.5030333546972687
1034,103.30206600000001,3.4931595594771254
1035,103.402068,3.4988419699303663
1036,103.50207,3.460690569478351
1037,103.602072,3.511610770679409
1038,103.70207400000001,3.5033668613612607
1039,103.802076,3.514102215217012
1040,103.902078,3.4912605223257542
1041,104.00208,3.483682274573646
1042,104.10208200000001,3.448436410549684
1043,104.202084,3.463694059044449
1044,104.302086,3.510185578331006
1045,104.402088,3.4845771082676924
1046,104.50209,3.4595413192924735
1047,104.602092,3.494780750222917
1048,104.702094,3.468986534612406
1049,104.802096,3.491402773414298
1050,104.902098,3.5210414712417935
1051,105.00210000000001,3.4740073459935426
1052,105.102102,3.4784952538670795
1053,105.202104,3.4996574863246845
1054,105.302106,3.4498214321239398
1055,105.40210800000001,3.4345849479323927
1056,105.50211,3.5142760690269825
1057,105.602112,3.484059359920923
1058,105.702114,3.512628301730259
1059,105.80211600000001,3.4675893145718915
1060,105.902118,3.5092738239544023
1061,106.00211999999999,3.5035042613779432
1062,106.10212200000001,3.5369928687376895
1063,106.202124,3.4843977413157163
1064,106.302126,3.494402604411097
1065,106.40212799999999,3.4841042875908794
1066,106.50213000000001,3.6065744081913134
1067,106.602132,3.497757684746143
1068,106.702134,3.4832140202770825
1069,106.802136,3.497124126060566
1070,106.90213800000001,3.453784757492956
1071,107.00214,3.5173852922409403
1072,107.102142,3.5221605479818114
1073,107.202144,3.48853067733267
1074,107.30214600000001,3.5316470198483274
1075,107.402148,3.4950569293270095
1076,107.50215000000001,3.4442608818996074
1077,107.602152,3.4882919148050684
1078,107.702154,3.483926641718171
1079,107.802156,3.5350609016787833
1080,107.902158,3.461236197363599
1081,108.00216,3.5100626250370146
1082,108.10216199999999,3.5076478816210233
1083,108.20216400000001,3.48358712217093
1084,108.302166,3.5296951664703498
1085,108.402168,3.4483889687420537
1086,108.50216999999999,3.4643415030217013
1087,108.60217200000001,3.5259570748178355
1088,108.702174,3.4979604951946945
1089,108.802176,3.501802263529075
1090,108.902178,3.4985407974069793
1091,109.00218000000001,3.501723027292324
1092,109.102182,3.4974505428642213
1093,109.202184,3.4978910270551493
1094,109.302186,3.521111178890562
1095,109.40218800000001,3.5076689946807376
1096,109.50219,3.5135648452000914
1097,109.602192,3.500434801736492
1098,109.702194,3.465100569208412
1099,109.802196,3.477080538261567
1100,109.902198,3.5097136053040345
1101,110.0022,3.4691139347000877
1102,110.102202,3.4952329256135806
1103,110.202204,3.486983825791184
1104,110.30220600000001,3.474889159216352
1105,110.402208,3.5002291601457527
1106,110.50221,3.4935194286760924
1107,110.602212,3.4980795633659665
1108,110.70221400000001,3.493045487213886
1109,110.802216,3.501824862776099
1110,110.902218,3.496589728238165
1111,111.00222,3.5315696841514
1112,111.10222200000001,3.5033810087805035
1113,111.202224,3.472272428527682
1114,111.30222599999999,3.5236043496850176
1115,111.40222800000001,3.4413151052346223
1116,111.50223,3.496316981115318
1117,111.602232,3.5263020422759106
1118,111.70223399999999,3.469386309042826
1119,111.80223600000001,3.5125500232897857
1120,111.902238,3.4706126775491186
1121,112.00224,3.4774925561719794
1122,112.102242,3.5248330211384276
1123,112.20224400000001,3.4967941761102024
1124,112.302246,3.504892190643119
1125,112.402248,3.519188944878177
1126,112.50225,3.460820647011229
1127,112.60225200000001,3.52040868791404
1128,112.702254,3.4863049229114638
1129,112.80225600000001,3.4732744195019176
1130,112.902258,3.459778013575106
1131,113.00226,3.519984360487527
1132,113.102262,3.4655825863808185
1133,113.202264,3.489614077483171
1134,113.302266,3.4803665290845345
1135,113.40226799999999,3.4899339738432085
1136,113.50227000000001,3.514612944139841
1137,113.602272,3.497946903647983
1138,113.702274,3.4878837073164117
1139,113.80227599999999,3.516914701361171
1140,113.90227800000001,3.5017712620679537
1141,114.00228,3.480819170982736
1142,114.102282,3.4980362519199404
1143,114.202284,3.5029113752295706
1144,114.30228600000001,3.5045627189289497
1145,114.402288,3.4856377069527973
1146,114.50229,3.4724143751246865
1147,114.602292,3.4937656625351927
1148,114.70229400000001,3.4779558258457297
1149,114.802296,3.5022185997080553
1150,114.902298,3.4650752003867917
1151,115.0023,3.491352756838462
1152,115.102302,3.4612031046393126
1153,115.202304,3.463342568636455
1154,115.302306,3.458817669941317
1155,115.402308,3.497159900460528
1156,115.50231,3.504478234905884
1157,115.60231200000001,3.454874633698856
1158,115.702314,3.4928119761630576
1159,115.802316,3.484366310239488
1160,115.902318,3.516298864196698
1161,116.00232000000001,3.458680198461828
1162,116.102322,3.449495044068117
1163,116.202324,3.4593754040757774
1164,116.30232600000001,3.5019745913873703
1165,116.40232800000001,3.4983909081230657
1166,116.50233,3.4917446734100643
1167,116.602332,3.510806460203503
1168,116.70233400000001,3.4970206931639054
1169,116.802336,3.4578410787238463
1170,116.902338,3.47966902674546
1171,117.00233999999999,3.4843515964780876
1172,117.10234200000001,3.494109948715356
1173,117.202344,3.497469316123738
1174,117.302346,3.4956437251164543
1175,117.402348,3.485021731204807
1176,117.50235,3.4611220713842754
1177,117.602352,3.503987918628422
1178,117.702354,3.4966455145426294
1179,117.802356,3.4773122438557817
1180,117.902358,3.4815149633289715
1181,118.00236,3.4730987627112184
1182,118.10236200000001,3.447315793511397
1183,118.202364,3.4986307631099387
1184,118.302366,3.4394394240316926
1185,118.402368,3.487814579530494
1186,118.50237,3.5062179059794167
1187,118.602372,3.4445431233124792
1188,118.70237399999999,3.5011673197324398
1189,118.80237600000001,3.4834331302183523
1190,118.902378,3.5008013844726955
1191,119.00238,3.509721001048308
1192,119.10238199999999,3.519291500752361
1193,119.20238400000001,3.476832929440073
1194,119.302386,3.4704911526163293
1195,119.402388,3.4941961736780534
1196,119.50239,3.5141754127134766
1197,119.60239200000001,3.5057907971079976
1198,119.702394,3.4701814617960616
1199,119.802396,3.5031584910006224
1200,119.902398,3.4768808198702237
1201,120.00240000000001,3.463751437376676
1202,120.102402,3.486524995954624
1203,120.20240400000002,3.4652875259295244
1204,120.302406,3.467596513304373
1205,120.402408,3.4868432087225525
1206,120.50241,3.4877052658386947
1207,120.602412,3.464117987743618
1208,120.702414,3.480151221064382
1209,120.802416,3.4945861609151265
1210,120.90241800000001,3.472553266698618
1211,121.00242,3.479916436593602
1212,121.102422,3.4871704279671234
1213,121.202424,3.4458072553299903
1214,121.30242600000001,3.4842850343681073
1215,121.402428,3.5008531495874364
1216,121.50243,3.4789565241624554
1217,121.60243200000001,3.4800226795906952
1218,121.70243400000001,3.4878678787062776
1219,121.802436,3.4770529726947843
1220,121.902438,3.4491555811493266
1221,122.00244,3.4919019559522155
1222,122.102442,3.4954029309562262
1223,122.202444,3.473796350804575
1224,122.302446,3.500008215407903
1225,122.402448,3.491639038172963
1226,122.50245,3.484488172044137
1227,122.602452,3.519650582118783
1228,122.702454,3.4882133181602333
1229,122.802456,3.479902087565872
1230,122.902458,3.4741803308276697
1231,123.00246000000001,3.512243849444503
1232,123.102462,3.4678862782816706
1233,123.202464,3.519771341860731
1234,123.302466,3.4783975035204096
1235,123.40246800000001,3.4710000401976737
1236,123.50247,3.481888653628853
1237,123.602472,3.5240260404312425
1238,123.702474,3.5161798191636353
1239,123.80247600000001,3.4777566721328794
1240,123.902478,3.475359680961208
1241,124.00247999999999,3.484818354988667
1242,124.10248200000001,3.4451179980173237
1243,124.202484,3.527893300776168
1244,124.302486,3.48320475645928
1245,124.40248799999999,3.475329906421645
1246,124.50249000000001,3.4619094386257845
1247,124.602492,3.4643529112204376
1248,124.702494,3.4929791977910223
1249,124.802496,3.4965169553838167
1250,124.90249800000001,3.516590382351312
1251,125.0025,3.5051557547886643
1252,125.102502,3.4960950442575114
1253,125.202504,3.48465714221904
1254,125.30250600000001,3.477931841791396
1255,125.402508,3.524452067227438
1256,125.50251000000002,3.488762422227223
1257,125.602512,3.492576426300893
1258,125.702514,3.4835327359755865
1259,125.802516,3.4674605897143462
1260,125.902518,3.5056273580483954
1261,126.00252,3.4675303198247076
1262,126.102522,3.5248968428018874
1263,126.20252400000001,3.508588537365763
1264,126.302526,3.4956921475030227
1265,126.402528,3.5062289116269003
1266,126.50253,3.4714465019041016
1267,126.60253200000001,3.522818244360611
1268,126.702534,3.509975557045
1269,126.802536,3.479208800505228
1270,126.902538,3.4821246926144953
1271,127.00254000000001,3.465499840975384
1272,127.102542,3.5178693994916475
1273,127.202544,3.4633534437212474
1274,127.302546,3.4908148500659593
1275,127.40254800000001,3.508691062729116
1276,127.50255,3.4672951806089953
1277,127.602552,3.5221570098921426
1278,127.702554,3.490925980090977
1279,127.802556,3.4640347980642203
1280,127.902558,3.508774318861408
1281,128.00256,3.476249192306869
1282,128.102562,3.483288369912566
1283,128.202564,3.4914219587860855
1284,128.302566,3.4761017283790383
1285,128.402568,3.570645711560028
1286,128.50257000000002,3.557194358095703
1287,128.602572,3.475586150113819
1288,128.702574,3.474485037678427
1289,128.802576,3.4791785190537268
1290,128.902578,3.5063974397969258
1291,129.00258,3.476606823269386
1292,129.102582,3.506167353314984
1293,129.202584,3.4312809647031877
1294,129.302586,3.520657691935168
1295,129.402588,3.502155208847072
1296,129.50259,3.5168554840745725
1297,129.60259200000002,3.4821222136373824
1298,129.702594,3.486676568405079
1299,129.802596,3.482498603700851
1300,129.902598,3.5102699247967872
1301,130.0026,3.4712385303791273
1302,130.102602,3.5155575318467016
1303,130.202604,3.4413353197818384
1304,130.302606,3.442540621733877
1305,130.40260800000001,3.460594285125802
1306,130.50261,3.4964474131422514
1307,130.60261200000002,3.5199997486309376
1308,130.702614,3.4840044463243953
1309,130.802616,3.491367816713663
1310,130.902618,3.469326238760226
1311,131.00262,3.509122288144043
1312,131.102622,3.498017339308476
1313,131.20262400000001,3.4865902534673587
1314,131.30262599999998,3.5184360939896977
1315,131.402628,3.4676075123956758
1316,131.50263,3.5324492122475517
1317,131.602632,3.5051819766814827
1318,131.702634,3.501115040417717
1319,131.802636,3.47222534391418
1320,131.902638,3.5179912164502634
1321,132.00264,3.49948111551432
1322,132.102642,3.4826111501489474
1323,132.202644,3.5088896561274536
1324,132.302646,3.532626288703486
1325,132.40264800000003,3.441507348366061
1326,132.50265,3.4820170132242914
1327,132.602652,3.5078105749352897
1328,132.702654,3.455805271279676
1329,132.802656,3.4633384002967267
1330,132.902658,3.4987766777869305
1331,133.00266,3.4888282499928986
1332,133.102662,3.5004656798568523
1333,133.202664,3.474304813924474
1334,133.302666,3.4665290841520373
1335,133.402668,3.4545396453652573
1336,133.50267000000002,3.5173748161384992
1337,133.60267199999998,3.4889869006261547
1338,133.702674,3.4618157534390734
1339,133.80267600000002,3.49913503204829
1340,133.902678,3.4365216557573497
1341,134.00268,3.4399314690748266
1342,134.102682,3.520057566332848
1343,134.202684,3.4825294699597404
1344,134.30268600000002,3.490254587409173
1345,134.40268799999998,3.4072867266732563
1346,134.50269,3.499402917911336
1347,134.60269200000002,3.4901041364614445
1348,134.70269399999998,3.4784585398594845
1349,134.802696,3.4729546935175155
1350,134.90269800000002,3.5041470134903823
1351,135.0027,3.473668854174616
1352,135.102702,3.471357634448589
1353,135.202704,3.474842721724357
1354,135.302706,3.476217659194323
1355,135.40270800000002,3.486847739551877
1356,135.50270999999998,3.533267720715925
1357,135.602712,3.493219776018103
1358,135.70271400000001,3.4904758236675186
1359,135.802716,3.4968150104970275
1360,135.902718,3.5182775307459697
1361,136.00272,3.4917130917904764
1362,136.102722,3.477036300770037
1363,136.20272400000002,3.437617469654516
1364,136.302726,3.503886571531919
1365,136.402728,3.4970793850823054
1366,136.50273,3.4948406774808403
1367,136.602732,3.4560759880112917
1368,136.702734,3.4476292977866922
1369,136.802736,3.4989183272831816
1370,136.902738,3.4831228149705984
1371,137.00274,3.472224168709421
1372,137.102742,3.4720508352717796
1373,137.202744,3.4849758032087492
1374,137.302746,3.4952095838179216
1375,137.402748,3.4779765609759163
1376,137.50275,3.472130741587151
1377,137.602752,3.45514553299192
1378,137.70275400000003,3.4811331660590206
1379,137.802756,3.45859131675102
1380,137.902758,3.458753680834667
1381,138.00276000000002,3.4868744105222644
1382,138.102762,3.4716972875640733
1383,138.202764,3.4435363463199926
1384,138.302766,3.4926226828079243
1385,138.402768,3.441196249961975
1386,138.50277,3.461565622631672
1387,138.602772,3.4865521103497557
1388,138.702774,3.4527866682800266
1389,138.80277600000002,3.502691956550946
1390,138.90277799999998,3.4677200439407447
1391,139.00278,3.4920293380979652
1392,139.10278200000002,3.451144758452311
1393,139.202784,3.457216033579683
1394,139.302786,3.53037293873012
1395,139.402788,3.453107318310443
1396,139.50279,3.465475243687631
1397,139.60279200000002,3.5227770653496258
1398,139.70279399999998,3.5271189836643178
1399,139.802796,3.4718269524890655
1400,139.90279800000002,3.491099974029059
1401,140.0028,3.4898665572325838
1402,140.102802,3.4871336894785956
1403,140.20280400000001,3.5087879774034247
1404,140.302806,3.486193334483109
1405,140.402808,3.486935931302751
1406,140.50281,3.518586353048528
1407,140.602812,3.4671311352109453
1408,140.70281400000002,3.4917195070920037
1409,140.80281599999998,3.505128766323489
1410,140.902818,3.4698708121852375
1411,141.00282,3.5010237071697756
1412,141.102822,3.50784479191183
1413,141.202824,3.489492691448471
1414,141.302826,3.470701764939835
1415,141.402828,3.500536424798008
1416,141.50283000000002,3.4950003564789713
1417,141.602832,3.5266115341075635
1418,141.702834,3.465742847214101
1419,141.802836,3.475180283484059
1420,141.902838,3.488796189867232
1421,142.00284,3.452996473563056
1422,142.102842,3.4892472124224643
1423,142.202844,3.4620443268070487
1424,142.302846,3.500831978305881
1425,142.402848,3.4811545882638844
1426,142.50285,3.4719807179901436
1427,142.602852,3.5119634304601046
1428,142.702854,3.500633782768772
1429,142.802856,3.531961344248863
1430,142.902858,3.4568091491682846
1431,143.00286000000003,3.4932863014939786
1432,143.102862,3.4640858801357055
1433,143.202864,3.4717077873121216
1434,143.30286600000002,3.478354750933395
1435,143.402868,3.4979609024613345
1436,143.50287,3.505581176047551
1437,143.602872,3.4858617624755537
1438,143.702874,3.45327046236224
1439,143.802876,3.474913997694882
1440,143.902878,3.471782902517898
1441,144.00288,3.5129744044858993
1442,144.10288200000002,3.488111871254219
1443,144.20288399999998,3.491482301473996
1444,144.302886,3.493969092010206
1445,144.40288800000002,3.4908345421901994
1446,144.50289,3.471666123864309
1447,144.602892,3.459238646932425
1448,144.702894,3.481812423011551
1449,144.802896,3.485579145172573
1450,144.90289800000002,3.4544561479046445
1451,145.00289999999998,3.4797994010019195
1452,145.102902,3.4747715959347385
1453,145.20290400000002,3.4818716661816658
1454,145.302906,3.5049721815099963
1455,145.402908,3.4951175233689993
1456,145.50291,3.4542912220769284
1457,145.602912,3.448383519744801
1458,145.702914,3.465215629284994
1459,145.802916,3.496468095929246
1460,145.902918,3.5026642143753723
1461,146.00292000000002,3.4875393377268544
1462,146.10292199999998,3.441189887685553
1463,146.202924,3.463126617241255
1464,146.302926,3.49137962753259
1465,146.402928,3.4453789486599558
1466,146.50293,3.5089587725765887
1467,146.602932,3.4912759033862715
1468,146.702934,3.4536577056377813
1469,146.80293600000002,3.493252298824613
1470,146.902938,3.5005424552721314
1471,147.00294,3.5111519827933244
1472,147.102942,3.4824572535771416
1473,147.202944,3.503590522442027
1474,147.302946,3.4901589456514563
1475,147.402948,3.4945110100068772
1476,147.50295,3.512966387269467
1477,147.602952,3.47416942953441
1478,147.702954,3.4600837434916034
1479,147.802956,3.487832417560388
1480,147.902958,3.517669036066257
1481,148.00296,3.484923670814532
1482,148.102962,3.4986471034692705
1483,148.202964,3.5103702123023566
1484,148.30296600000003,3.461478151437391
1485,148.402968,3.4999002397339107
1486,148.50297,3.4906018036267845
1487,148.60297200000002,3.4632747265141215
1488,148.702974,3.517556363936416
1489,148.802976,3.4617563600970565
1490,148.902978,3.469398571691698
1491,149.00298,3.474015882169628
1492,149.102982,3.499086879727749
1493,149.202984,3.515150301339917
1494,149.302986,3.469139335573457
1495,149.40298800000002,3.478686593396445
1496,149.50298999999998,3.469624487249729
1497,149.602992,3.516043503362913
1498,149.70299400000002,3.4895092506973615
1499,149.802996,3.496800402291818
1500,149.902998,3.4765007849958756
1501,150.003,3.4956413791284797
1502,150.103002,3.501387154049363
1503,150.20300400000002,3.499605453194977
1504,150.30300599999998,3.5028437700738504
1505,150.403008,3.4971314797758173
1506,150.50301000000002,3.5084670125743607
1507,150.603012,3.483243416918773
1508,150.703014,3.469167998866894
1509,150.803016,3.481178026956105
1510,150.903018,3.4565622786070374
1511,151.00302,3.5080948559051466
1512,151.103022,3.499543025689745
1513,151.203024,3.499565247394547
1514,151.30302600000002,3.5111029365701234
1515,151.40302799999998,3.5086905186103423
1516,151.50303,3.4635542839522313
1517,151.603032,3.4594679578434517
1518,151.703034,3.5263823002293977
1519,151.803036,3.49898740607619
1520,151.903038,3.5194408691282066
1521,152.00304,3.4966015705937923
1522,152.10304200000002,3.4659395723833963
1523,152.203044,3.4737066979436095
1524,152.303046,3.521302204960018
1525,152.403048,3.4695455191576827
1526,152.50305000000003,3.4525453928162837
1527,152.603052,3.4949849437312213
1528,152.703054,3.5058796360216453
1529,152.803056,3.472810696156644
1530,152.903058,3.4769750071043735
1531,153.00306,3.5112216869298094
1532,153.103062,3.5130780902327228
1533,153.203064,3.4397813469552663
1534,153.303066,3.4805102237786274
1535,153.403068,3.461205525864137
1536,153.50307,3.488972137284573
1537,153.60307200000003,3.457479530665335
1538,153.703074,3.4971463629789326
1539,153.803076,3.500204951734346
1540,153.90307800000002,3.4738253967211623
1541,154.00308,3.4715302210654495
1542,154.103082,3.5039228001349074
1543,154.203084,3.485823599634134
1544,154.303086,3.4704305461605514
1545,154.403088,3.4667316491717868
1546,154.50309,3.476342783850736
1547,154.603092,3.4639844182417945
1548,154.70309400000002,3.49174736553327
1549,154.80309599999998,3.501394499749718
1550,154.903098,3.487502925855263
1551,155.00310000000002,3.4814887752199497
1552,155.103102,3.4791276376911937
1553,155.203104,3.474845089086096
1554,155.303106,3.517206144599784
1555,155.403108,3.4442676152558165
1556,155.50311000000002,3.495504775867912
1557,155.60311199999998,3.4869802152453166
1558,155.703114,3.5106421314868483
1559,155.80311600000002,3.4856608904576696
1560,155.903118,3.4992421049465006
1561,156.00312,3.491865773058314
1562,156.103122,3.5229199012524557
1563,156.203124,3.4700129579327403
1564,156.303126,3.470397837302562
1565,156.403128,3.4580733968623845
1566,156.50313,3.503405363231572
1567,156.60313200000002,3.5115383374669125
1568,156.70313399999998,3.4652019638882865
1569,156.803136,3.4791420375233413
1570,156.903138,3.497455858039596
1571,157.00314,3.4915240001883254
1572,157.103142,3.471141377703562
1573,157.203144,3.4945839027498824
1574,157.303146,3.474002100751766
1575,157.40314800000002,3.5108647778996565
1576,157.50315,3.5106428635781426
1577,157.603152,3.464527387159683
1578,157.703154,3.5211830968018685
1579,157.80315600000003,3.4969912621204706
1580,157.903158,3.4662353700878668
1581,158.00316,3.4593662039472086
1582,158.103162,3.4924510269679296
1583,158.203164,3.457910640633642
1584,158.303166,3.497474999414758
1585,158.403168,3.455308268843626
1586,158.50317,3.503774071555895
1587,158.603172,3.4823547738901888
1588,158.703174,3.575711784113585
1589,158.803176,3.499495389655969
1590,158.90317800000003,3.5092753182259857
1591,159.00318,3.5415358294047015
1592,159.103182,3.558391151894896
1593,159.20318400000002,3.504085686171861
1594,159.303186,3.458363747557617
1595,159.403188,3.4794152581398476
1596,159.50319,3.5508003991764783
1597,159.603192,3.5591804789824533
1598,159.70319400000002,3.5830396987362323
1599,159.80319599999999,3.5594823475841286
1600,159.903198,3.4826760178599274
1601,160.00320000000002,3.5156763766390196
1602,160.10320199999998,3.479947689341552
1603,160.203204,3.5009201530393006
1604,160.30320600000002,3.4800339247853467
1605,160.403208,3.4754298272955255
1606,160.50321,3.456704542574273
1607,160.603212,3.5372550142152965
1608,160.703214,3.4934882021367506
1609,160.80321600000002,3.4908023787129596
1610,160.90321799999998,3.441627928969153
1611,161.00322,3.5072525382614352
1612,161.10322200000002,3.489523656222474
1613,161.203224,3.5443121873722223
1614,161.303226,3.4985646567402457
1615,161.403228,3.4913151156516085
1616,161.50323,3.5414968174179835
1617,161.603232,3.4746513518222297
1618,161.703234,3.5148454400392852
1619,161.803236,3.4702003394168783
1620,161.90323800000002,3.5036966970113883
1621,162.00323999999998,3.46881219915235
1622,162.103242,3.4710392898095304
1623,162.203244,3.480979876771619
1624,162.303246,3.4980062108854693
1625,162.403248,3.4830547320449208
1626,162.50325,3.4449939586482308
1627,162.603252,3.466117688333514
1628,162.70325400000002,3.5046742075739257
1629,162.803256,3.523779065197294
1630,162.903258,3.4971614381877814
1631,163.00326,3.492024017617306
1632,163.10326200000003,3.4790253005726317
1633,163.203264,3.5022909387776657
1634,163.303266,3.5252072334643114
1635,163.403268,3.512449974410736
1636,163.50327,3.504684162458241
1637,163.603272,3.4904068282155296
1638,163.703274,3.5223474813265505
1639,163.803276,3.475354919367254
1640,163.903278,3.502342573363474
1641,164.00328,3.48041059979887
1642,164.103282,3.438831728169283
1643,164.20328400000002,3.4647543059676176
1644,164.30328599999999,3.47205376339973
1645,164.403288,3.495052844293525
1646,164.50329000000002,3.469384108132112
1647,164.603292,3.4860417429715853
1648,164.703294,3.477962702016873
1649,164.803296,3.4640020997775687
1650,164.903298,3.495310149400308
1651,165.00330000000002,3.5263019922549073
1652,165.10330199999999,3.4776030706336396
1653,165.203304,3.4749973707487434
1654,165.30330600000002,3.477688028191785
1655,165.40330799999998,3.449888446423981
1656,165.50331,3.505786116783936
1657,165.60331200000002,3.457359308835097
1658,165.703314,3.480593520602314
1659,165.803316,3.469272780657784
1660,165.903318,3.4646700265712878
1661,166.00332,3.511851937924995
1662,166.10332200000002,3.474872177899705
1663,166.20332399999998,3.458720578306458
1664,166.303326,3.4724055024372724
1665,166.40332800000002,3.4816859141658023
1666,166.50333,3.478020424367506
1667,166.603332,3.491653565732215
1668,166.703334,3.478060394698984
1669,166.803336,3.461462488900383
1670,166.90333800000002,3.5152585158568033
1671,167.00334,3.4721460860311506
1672,167.103342,3.5123991556091845
1673,167.20334400000002,3.497787540071077
1674,167.30334599999998,3.499512996496386
1675,167.403348,3.4660124488832444
1676,167.50335,3.497841065011529
1677,167.603352,3.475661995472975
1678,167.703354,3.4715626528269428
1679,167.803356,3.4649283943437483
1680,167.903358,3.466622454590914
1681,168.00336000000001,3.507135618406423
1682,168.103362,3.4932233591570188
1683,168.203364,3.507821787156817
1684,168.303366,3.4804574897914007
1685,168.40336800000003,3.4840391661126473
1686,168.50337,3.470183014471431
1687,168.603372,3.4766941113694765
1688,168.703374,3.4697994852090805
1689,168.803376,3.5045566092267917
1690,168.903378,3.483585303267386
1691,169.00338,3.496788049449069
1692,169.103382,3.505678009622573
1693,169.203384,3.502396025957621
1694,169.303386,3.515602276182606
1695,169.403388,3.493340595335142
1696,169.50339000000002,3.452256665295968
1697,169.60339199999999,3.439549021866317
1698,169.703394,3.494998130766447
1699,169.80339600000002,3.4331266077537665
1700,169.903398,3.4713631625188617
1701,170.0034,3.4708593543888893
1702,170.103402,3.4598375928053846
1703,170.203404,3.491869969872016
1704,170.30340600000002,3.508281562301012
1705,170.40340799999998,3.503499486147228
1706,170.50341,3.5026487205543786
1707,170.60341200000002,3.503775815654845
1708,170.70341399999998,3.48775094671819
1709,170.803416,3.4798163741535046
1710,170.90341800000002,3.47699732358771
1711,171.00342,3.516803178748918
1712,171.103422,3.4563889363551747
1713,171.203424,3.49120482680196
1714,171.303426,3.4754826816556883
1715,171.40342800000002,3.497174062255171
1716,171.50342999999998,3.494409970827844
1717,171.603432,3.514899035392052
1718,171.70343400000002,3.5081058034009263
1719,171.803436,3.469243555372712
1720,171.903438,3.4888641561640035
1721,172.00344,3.4980971865383585
1722,172.103442,3.465916376896859
1723,172.20344400000002,3.4840756017107557
1724,172.303446,3.5408816245026613
1725,172.403448,3.4657347601219706
1726,172.50345000000002,3.51442209935347
1727,172.603452,3.473507800393066
1728,172.703454,3.474347654932181
1729,172.803456,3.4733493877034443
1730,172.903458,3.5006823408210654
1731,173.00346,3.489442983285009
1732,173.103462,3.481593183566645
1733,173.203464,3.47129912595603
1734,173.30346600000001,3.4992057978652062
1735,173.403468,3.452299778240857
1736,173.50347,3.532226394764064
1737,173.603472,3.4960669039257706
1738,173.70347400000003,3.4797634609947443
1739,173.803476,3.4733611349523548
1740,173.903478,3.5248882528757837
1741,174.00348000000002,3.489701298273497
1742,174.103482,3.4639631739226
1743,174.203484,3.471060993396453
1744,174.303486,3.494392391459237
1745,174.403488,3.457718728277379
1746,174.50349,3.452317777087889
1747,174.603492,3.473173407281392
1748,174.703494,3.4742593091438514
1749,174.80349600000002,3.4883088201310133
1750,174.90349799999998,3.477086143382072
1751,175.0035,3.4994100527094663
1752,175.10350200000002,3.466940919378995
1753,175.203504,3.4871614736192167
1754,175.303506,3.480080854659062
1755,175.403508,3.4682482960026078
1756,175.50351,3.458200839103915
1757,175.60351200000002,3.476329350895668
1758,175.70351399999998,3.476667838667031
1759,175.803516,3.486066746564702
1760,175.90351800000002,3.452326531409642
1761,176.00351999999998,3.5143699624316427
1762,176.103522,3.4893895944452185
1763,176.20352400000002,3.4791831317941204
1764,176.303526,3.478563897756462
1765,176.403528,3.4691349473045174
1766,176.50353,3.4425156831189763
1767,176.603532,3.4521084560276885
1768,176.70353400000002,3.432154424079963
1769,176.80353599999998,3.479434888723419
1770,176.903538,3.4830096096239838
1771,177.00354000000002,3.511853296809599
1772,177.103542,3.5176850109614035
1773,177.203544,3.5196552239966867
1774,177.303546,3.52688366068256
1775,177.403548,3.4781954195780775
1776,177.50355000000002,3.5150631117831987
1777,177.603552,3.490408221348058
1778,177.703554,3.466885043205636
1779,177.80355600000001,3.514546951803507
1780,177.903558,3.481515544787316
1781,178.00356,3.43586118486482
1782,178.103562,3.4696978073335214
1783,178.203564,3.4602651669344064
1784,178.303566,3.4696083497596475
1785,178.403568,3.4843251344624826
1786,178.50357,3.4890654761939763
1787,178.603572,3.4806640291937994
1788,178.703574,3.4692345083288183
1789,178.803576,3.4803470978284334
1790,178.903578,3.4760297591583207
1791,179.00358000000003,3.4768931963816945
1792,179.103582,3.4686536480141448
1793,179.203584,3.4522737276274573
1794,179.30358600000002,3.470472772758244
1795,179.403588,3.4479522230446507
1796,179.50359,3.468111283569657
1797,179.603592,3.4626193358615582
1798,179.703594,3.476711810446171
1799,179.803596,3.4379189748664922
1800,179.903598,3.461559600904764
1801,180.0036,3.4820201222150784
1802,180.10360200000002,3.4906023833159363
1803,180.20360399999998,3.489128304066406
1804,180.303606,3.4956779599251835
1805,180.40360800000002,3.49755799667782
1806,180.50361,3.4981545717026905
1807,180.603612,3.4906444181721534
1808,180.703614,3.4628830040713425
1809,180.803616,3.477175392736603
1810,180.90361800000002,3.4800983366966833
1811,181.00361999999998,3.505639678732383
1812,181.103622,3.4559828874570035
1813,181.20362400000002,3.467689751319167
1814,181.30362599999998,3.4457525159493594
1815,181.403628,3.5183697912264633
1816,181.50363000000002,3.4925383469553224
1817,181.603632,3.4898074451081906
1818,181.703634,3.4861449460646634
1819,181.803636,3.468087548217191
1820,181.903638,3.473702302356169
1821,182.00364000000002,3.4642583307222234
1822,182.10364199999998,3.4836632215263723
1823,182.203644,3.512263469468491
1824,182.30364600000001,3.5301752857728173
1825,182.403648,3.5165204229349696
1826,182.50365,3.477143188759272
1827,182.603652,3.508853347030084
1828,182.703654,3.4998557821788605
1829,182.80365600000002,3.476696417320243
1830,182.903658,3.4998427097382923
1831,183.00366,3.4747686934498248
1832,183.103662,3.434061668324169
1833,183.203664,3.4662424947238337
1834,183.303666,3.4938925060039825
1835,183.403668,3.4836573630940455
1836,183.50367,3.4753833411267583
1837,183.603672,3.4803732009271884
1838,183.703674,3.482820486264027
1839,183.803676,3.4720587152340356
1840,183.903678,3.4348779581017226
1841,184.00368,3.4997402308696532
1842,184.103682,3.4939777817223994
1843,184.203684,3.470474635414194
1844,184.30368600000003,3.456260902115428
1845,184.403688,3.4477556530678735
1846,184.50369,3.4723705975341486
1847,184.60369200000002,3.4991102176173157
1848,184.703694,3.479624822568166
1849,184.803696,3.498671558450476
1850,184.903698,3.484531826188853
1851,185.0037,3.4800936921105543
1852,185.103702,3.464642704195613
1853,185.203704,3.467169478668205
1854,185.303706,3.4928690400455324
1855,185.40370800000002,3.460754348720796
1856,185.50370999999998,3.4856905278469226
1857,185.603712,3.4911907049275093
1858,185.70371400000002,3.4944490488397855
1859,185.803716,3.4782805934633734
1860,185.903718,3.4846322419448947
1861,186.00372,3.4856159436383205
1862,186.103722,3.4288127162938604
1863,186.20372400000002,3.457303639087172
1864,186.30372599999998,3.4587290540362328
1865,186.403728,3.4721122448426023
1866,186.50373000000002,3.4596790713248713
1867,186.603732,3.464722263587469
1868,186.703734,3.507809694895625
1869,186.80373600000001,3.45582359673134
1870,186.903738,3.4561943042050824
1871,187.00374,3.480531742351153
1872,187.103742,3.4877080226000317
1873,187.203744,3.4534020540547217
1874,187.30374600000002,3.4961708743415447
1875,187.40374799999998,3.5090124428500817
1876,187.50375,3.494093226216882
1877,187.60375200000001,3.4638449445720196
1878,187.703754,3.4688189250991157
1879,187.803756,3.492577494219067
1880,187.903758,3.442767217123607
1881,188.00376,3.481804736995189
1882,188.10376200000002,3.448141324244416
1883,188.203764,3.4570537559018324
1884,188.303766,3.438128814705445
1885,188.403768,3.483509814638536
1886,188.50377,3.473623632015884
1887,188.603772,3.4813190858116494
1888,188.703774,3.4930845502044807
1889,188.803776,3.4873490371262927
1890,188.903778,3.444034313150324
1891,189.00378,3.4653577928826804
1892,189.103782,3.4850854950863246
1893,189.203784,3.4717142008609096
1894,189.303786,3.4968981432007373
1895,189.403788,3.4733863659132527
1896,189.50379,3.522383738689174
1897,189.60379200000003,3.452350541197531
1898,189.703794,3.492983952058583
1899,189.803796,3.4652877865483536
1900,189.90379800000002,3.4947670828426127
1901,190.0038,3.4868835420353355
1902,190.103802,3.456473515509769
1903,190.203804,3.474712272715403
1904,190.303806,3.489154413309184
1905,190.403808,3.4890458131252187
1906,190.50381,3.4951541526611396
1907,190.603812,3.508835339356165
1908,190.70381400000002,3.4364940290433372
1909,190.80381599999998,3.4903268063654846
1910,190.903818,3.4106904077806144
1911,191.00382000000002,3.477585133403644
1912,191.103822,3.458627051657281
1913,191.203824,3.472732507994447
1914,191.30382600000002,3.4661621093428887
1915,191.403828,3.470857699505393
1916,191.50383000000002,3.4711580694871977
1917,191.60383199999998,3.449078342737556
1918,191.703834,3.4554295125326315
1919,191.80383600000002,3.464890753680086
1920,191.903838,3.5016285440235455
1921,192.00384,3.4299073506255815
1922,192.10384200000001,3.4974468352901678
1923,192.203844,3.44333004996356
1924,192.303846,3.4810540262890886
1925,192.403848,3.4664458669154468
1926,192.50385,3.4916507063942985
1927,192.60385200000002,3.4921765488193333
1928,192.70385399999998,3.4660575197980545
1929,192.803856,3.456162307128583
1930,192.903858,3.5088561676496983
1931,193.00386,3.494507699590524
1932,193.103862,3.488048936049436
1933,193.203864,3.4858887125267906
1934,193.303866,3.4636907814400617
1935,193.40386800000002,3.4771142219847424
1936,193.50387,3.5079760061268135
1937,193.603872,3.5075218526962044
1938,193.703874,3.48074005751812
1939,193.80387600000003,3.533164832025984
1940,193.903878,3.4901279624885673
1941,194.00388,3.4767311695380583
1942,194.103882,3.489117990792573
1943,194.203884,3.445688057906128
1944,194.303886,3.471987636185411
1945,194.403888,3.482979318353154
1946,194.50389,3.5128091396812895
1947,194.603892,3.4903595418526963
1948,194.703894,3.4860183590650062
1949,194.803896,3.4532972417181598
1950,194.90389800000003,3.478510828385099
1951,195.0039,3.488002075866006
1952,195.103902,3.5253220712083477
1953,195.20390400000002,3.515074248875467
1954,195.303906,3.5085982055534024
1955,195.403908,3.4473575565493335
1956,195.50391,3.482598731809133
1957,195.603912,3.503556176940507
1958,195.703914,3.4685539466338273
1959,195.803916,3.473613651988708
1960,195.903918,3.463237456551304
1961,196.00392000000002,3.4593999762534833
1962,196.10392199999998,3.477747660798585
1963,196.203924,3.46232628329425
1964,196.30392600000002,3.5030266218173667
1965,196.403928,3.4826541069604477
1966,196.50393,3.5166609197823124
1967,196.60393200000001,3.499991889020426
1968,196.703934,3.473132002013055
1969,196.80393600000002,3.4939036379105946
1970,196.90393799999998,3.5078526640722476
1971,197.00394,3.515673712468503
1972,197.10394200000002,3.510133329635467
1973,197.203944,3.5010683099363793
1974,197.303946,3.492645539283031
1975,197.403948,3.4679043133269967
1976,197.50395,3.463401991123296
1977,197.603952,3.461941700990995
1978,197.703954,3.4602458799921876
1979,197.803956,3.486859198823519
1980,197.90395800000002,3.5095227899791364
1981,198.00395999999998,3.482526752862035
1982,198.103962,3.475660362123327
1983,198.203964,3.4584982106519684
1984,198.303966,3.4851426216938073
1985,198.403968,3.4581021958090603
1986,198.50397,3.4806702448678983
1987,198.603972,3.487908796834011
1988,198.70397400000002,3.5086803044293142
1989,198.803976,3.4927477498990642
1990,198.903978,3.5215104619320874
1991,199.00398,3.4943971939197844
1992,199.10398200000003,3.4799457455881315
1993,199.203984,3.4736953722975676
1994,199.303986,3.493347407409685
1995,199.403988,3.4878960265036594
1996,199.50399,3.5071719536966595
1997,199.603992,3.471007144861338
1998,199.703994,3.492918711101824
1999,199.803996,3.480983484997367
2000,199.903998,3.488252462274033
2001,200.00001600000002,3.4882944328161014
