Frame,Time (ns),Solvent accessible surface area
1,0.0,15988.683865122857
2,0.100002,16556.62666657688
3,0.200004,16382.492195717601
4,0.30000600000000005,16054.884009147996
5,0.400008,15854.83005444244
6,0.50001,15684.3125386102
7,0.6000120000000001,15813.316032615281
8,0.700014,16091.11076153587
9,0.800016,16120.456969611498
10,0.900018,15888.826188883435
11,1.00002,15932.447438134162
12,1.1000219999999998,15895.670222900571
13,1.2000240000000002,15643.79955788253
14,1.3000260000000001,15583.524592715872
15,1.400028,15364.255719810746
16,1.50003,15171.085289005172
17,1.600032,15628.132649920992
18,1.700034,15514.144265507086
19,1.800036,15235.19340122443
20,1.9000380000000001,15009.17785019907
21,2.00004,14906.45141869158
22,2.1000419999999997,15245.50116538322
23,2.2000439999999997,15207.84070849563
24,2.300046,15064.886867687308
25,2.4000480000000004,15090.175074746796
26,2.5000500000000003,14978.505037619794
27,2.6000520000000003,15243.72884481066
28,2.700054,15243.987080309522
29,2.800056,15044.033458231059
30,2.900058,14972.889398437406
31,3.00006,14796.221394488044
32,3.100062,15029.102498761973
33,3.200064,15063.330473142027
34,3.300066,15044.170123592885
35,3.400068,15105.705156523123
36,3.50007,15152.607204184167
37,3.600072,15045.127805829561
38,3.700074,15023.599298160632
39,3.8000760000000002,15001.964790267495
40,3.900078,14802.652885025906
41,4.00008,14798.049243520469
42,4.1000820000000004,15242.354962209047
43,4.2000839999999995,15099.971682399162
44,4.300086,14501.217561260253
45,4.400087999999999,14664.362386980689
46,4.50009,15108.154893161778
47,4.600092,15646.197928064064
48,4.700094,15245.873850502687
49,4.800096000000001,15553.064840694655
50,4.900098,15993.739631563742
51,5.000100000000001,15722.619225771088
52,5.100102,15207.362766650205
53,5.2001040000000005,15021.376394835388
54,5.3001059999999995,15460.876148161644
55,5.400108,15363.922312432955
56,5.500109999999999,15645.36652839013
57,5.600112,15664.056670114953
58,5.700114,15478.501387067172
59,5.800116,15652.379466927589
60,5.900118,15529.078446245425
61,6.00012,15411.307257585642
62,6.100122000000001,15509.280509166058
63,6.200124,15187.220873851878
64,6.300126000000001,15336.595289181985
65,6.400128,15217.837976216142
66,6.50013,15356.6734338487
67,6.600132,15332.516723648187
68,6.700134,15245.046199893237
69,6.800136,14950.771508028662
70,6.900138,14806.105696171733
71,7.00014,14832.779815968506
72,7.100142,14686.523459437189
73,7.200144,14922.910152156517
74,7.300146,15050.15781305002
75,7.400148,14868.221245846924
76,7.5001500000000005,14936.275445439433
77,7.6001520000000005,14921.8017559061
78,7.700154,14456.122801620544
79,7.800156,14856.005777768545
80,7.900158,14839.279967089093
81,8.00016,14376.422451394606
82,8.100162000000001,14647.965575659826
83,8.200164000000001,14563.157753992005
84,8.300166,14322.015299111508
85,8.400167999999999,14153.107262317348
86,8.50017,14239.38711634388
87,8.600172,14287.053992293153
88,8.700174,14039.224939467575
89,8.800175999999999,13903.908884296268
90,8.900178,14565.573921935018
91,9.00018,14156.782518636639
92,9.100182,14405.503396359301
93,9.200184,14540.690531411043
94,9.300186,14329.63159287587
95,9.400188,14567.0090217245
96,9.50019,14731.220186247881
97,9.600192000000002,15009.97415043243
98,9.700194,14857.20088685839
99,9.800196,14164.888027047422
100,9.900198,14629.987086385918
101,10.000200000000001,14547.664861657942
102,10.100202,14846.027447841365
103,10.200204,15006.913504127053
104,10.300206,15189.663367504361
105,10.400208000000001,14653.302363353725
106,10.500210000000001,14586.40597149163
107,10.600211999999999,14521.33679320969
108,10.700214,14471.81697203125
109,10.800216,14114.278767551414
110,10.900218,14176.200262805378
111,11.000219999999999,14412.785328519049
112,11.100222,14064.685385705876
113,11.200224,14192.814677387287
114,11.300226,14381.33523156007
115,11.400228,14263.60495987028
116,11.50023,14433.98058111309
117,11.600232,14433.441334437206
118,11.700234,14482.387122618798
119,11.800236,14453.752370240163
120,11.900238,14272.036553487558
121,12.00024,14003.611379023909
122,12.100242,14297.09104716197
123,12.200244000000001,14378.391823935784
124,12.300246000000001,14260.633460787725
125,12.400248,14540.593991445907
126,12.50025,14228.727365364086
127,12.600252000000001,14363.522449378863
128,12.700254000000001,14394.183864280732
129,12.800256,14363.175337765528
130,12.900258,14013.98989207975
131,13.00026,14139.374051558289
132,13.100262,14089.419883837336
133,13.200264,14566.005269014622
134,13.300265999999999,14227.395992399206
135,13.400268,13966.136455158088
136,13.50027,14184.551458053555
137,13.600272,13822.09163771959
138,13.700274,13972.27030531554
139,13.800276,14342.96128786518
140,13.900278,13963.36552422306
141,14.00028,14216.370119724703
142,14.100282000000002,14362.84099159929
143,14.200284,14449.90111227669
144,14.300286,14375.120078057973
145,14.400288,14423.744098139607
146,14.500290000000001,14156.825009517512
147,14.600292,14227.828947288564
148,14.700294,14279.936406633879
149,14.800296,14476.58002208311
150,14.900298000000001,14056.635662028082
151,15.000300000000001,14218.4297456871
152,15.100302,13946.430398302318
153,15.200304000000001,14429.898986931255
154,15.300306,14024.563595252268
155,15.400308,14024.780239733927
156,15.500309999999999,14258.609210465398
157,15.600312,14332.778745837217
158,15.700314,14569.110867158206
159,15.800316,14330.296417372563
160,15.900318,14501.99261288924
161,16.00032,14385.49456679124
162,16.100322,14638.622364466966
163,16.200324000000002,14233.84533737628
164,16.300326000000002,14473.360233379215
165,16.400328000000002,14560.50573709076
166,16.50033,14234.548041792574
167,16.600332,14277.110928382757
168,16.700333999999998,14104.807490780455
169,16.800335999999998,14059.48584684713
170,16.900338,14385.08249668903
171,17.00034,14089.586128027784
172,17.100342,14137.299098178715
173,17.200344,13694.949818133231
174,17.300346,14037.857749983692
175,17.400348,13979.161372332177
176,17.50035,14158.981902468982
177,17.600351999999997,14192.656187075218
178,17.700354,14353.996439958753
179,17.800356,14372.837386027712
180,17.900358,13887.659133878657
181,18.00036,13926.2409207103
182,18.100362,13824.564354462704
183,18.200364,14340.794773777121
184,18.300366,14488.588940873122
185,18.400368,13943.72445526348
186,18.50037,14005.757184634136
187,18.600372,14021.78100108933
188,18.700374,13975.649431313444
189,18.800376,14176.225335311037
190,18.900378,14246.12703039315
191,19.00038,13855.773662917301
192,19.100382,14290.275539687214
193,19.200384000000003,14015.95088497198
194,19.300386,13602.566726751047
195,19.400388,14027.528901538364
196,19.50039,13822.205950608422
197,19.600392,13712.037026520682
198,19.700394,13606.427519509838
199,19.800396,13360.569481382168
200,19.900398000000003,13588.732355060176
201,20.000400000000003,13491.454735757554
202,20.100402000000003,13360.745413939365
203,20.200404,13940.367828535092
204,20.300406,14177.034201294964
205,20.400408,13697.044015770121
206,20.50041,13506.091380027947
207,20.600412,13856.004582197807
208,20.700414000000002,13839.69518353809
209,20.800416000000002,13375.727860925468
210,20.900418000000002,13698.294196466568
211,21.000420000000002,14063.777971631916
212,21.100422,14156.642661079084
213,21.200423999999998,14282.2424727244
214,21.300425999999998,14359.5452457656
215,21.400428,14337.351165393122
216,21.50043,14312.251539580178
217,21.600432,14522.363517689751
218,21.700434,14248.295512634955
219,21.800436,14139.70470423177
220,21.900438,14170.484119008359
221,22.000439999999998,13947.758415911541
222,22.100441999999997,13612.571975071089
223,22.200444,13694.49286254347
224,22.300446,13767.677873121354
225,22.400448,14026.431574789187
226,22.50045,13867.909057371571
227,22.600452,13872.61341925797
228,22.700454,13459.725353747834
229,22.800456,13385.100802283028
230,22.900458,12995.576467533683
231,23.00046,13197.41129194718
232,23.100462,13379.384858011072
233,23.200464,13533.878753644334
234,23.300466,13206.774010357713
235,23.400468,13344.678293475015
236,23.50047,13458.398518817165
237,23.600472,12963.257828944093
238,23.700474000000003,13012.121135751417
239,23.800476,12732.09504224769
240,23.900478,13159.942928629258
241,24.00048,13330.939308541596
242,24.100482,13356.491393354194
243,24.200484,13177.73169922444
244,24.300486,13236.624499872678
245,24.400488000000003,12978.919258930693
246,24.500490000000003,13190.264460243376
247,24.600492000000003,13330.400231612964
248,24.700494,13582.465435541944
249,24.800496,13547.345493152245
250,24.900498,13389.14506894135
251,25.0005,13137.33681567915
252,25.100502,13270.707502788695
253,25.200504000000002,13021.857763596267
254,25.300506000000002,13354.434785185618
255,25.400508000000002,13332.900094646604
256,25.500510000000002,13479.805072904357
257,25.600512,13498.329043699825
258,25.700514,13310.606312364434
259,25.800516,13389.189674651503
260,25.900518,13715.704385570221
261,26.00052,13712.849470503072
262,26.100522,13684.144917935288
263,26.200524,13549.956679433984
264,26.300526,13486.46617349184
265,26.400528,13320.198121689398
266,26.500529999999998,13715.44261692861
267,26.600531999999998,13381.241803013465
268,26.700534,13505.105590026551
269,26.800536,13372.444209948986
270,26.900538,13506.853698465902
271,27.00054,13301.041715977672
272,27.100542,13569.968872197009
273,27.200544,13606.189679042885
274,27.300546,13467.426522410302
275,27.400548,13615.356535641653
276,27.50055,13452.528901835223
277,27.600552,13701.437714741754
278,27.700554,13534.863571779888
279,27.800556,13607.967384341851
280,27.900558,13170.796126846099
281,28.00056,13191.99488925501
282,28.100562,13320.551002403585
283,28.200564000000004,13452.53981193231
284,28.300566,13381.579221057393
285,28.400568,13558.779020827344
286,28.50057,13371.541840024358
287,28.600572,13661.864769234731
288,28.700574,13478.66912368973
289,28.800576,13300.955706557947
290,28.900578000000003,13314.560035001276
291,29.000580000000003,13479.341908338705
292,29.100582000000003,13073.698402296917
293,29.200584,12990.621886075796
294,29.300586,13219.631160180557
295,29.400588,13521.304570681112
296,29.50059,13314.227047427104
297,29.600592,13103.35168254111
298,29.700594000000002,12937.767528871445
299,29.800596000000002,12856.626908513084
300,29.900598000000002,12869.655410904157
301,30.000600000000002,12928.279022798566
302,30.100602,13176.19122323242
303,30.200604,13186.018848121095
304,30.300606,13317.169849846463
305,30.400608000000002,13236.75047731686
306,30.50061,13310.425302276855
307,30.600612,13363.189621545464
308,30.700614,13251.125568131758
309,30.800616,13261.274817062511
310,30.900618,13282.804837316535
311,31.000619999999998,13145.163260560306
312,31.100621999999998,13584.180015047665
313,31.200624,13633.88851424043
314,31.300626,13286.155292447946
315,31.400628,13482.35295844245
316,31.50063,13778.39426463896
317,31.600632,13588.522646811507
318,31.700634,13531.857385862402
319,31.800636,13621.423759939733
320,31.900638,13366.341560064362
321,32.00064,13448.083150198305
322,32.100642,13222.933635362531
323,32.200644,13339.555200349057
324,32.300646,13617.512577062313
325,32.400648000000004,13418.076355309437
326,32.50065,13663.934937024549
327,32.600652000000004,14002.5435369657
328,32.700654,13735.48490104228
329,32.800656000000004,13579.374252461652
330,32.900658,13363.800474873486
331,33.00066,13545.576030663762
332,33.10066200000001,13641.879819846832
333,33.200664,13442.271271789334
334,33.300666,13835.144313510433
335,33.400667999999996,13743.139837403098
336,33.50067,13626.712040345015
337,33.600671999999996,13629.804694365803
338,33.700674,13693.094309951646
339,33.800676,13576.89713588669
340,33.900678,13206.754710417948
341,34.00068,13398.640822036461
342,34.100682,13306.698881590944
343,34.200684,12958.098491266288
344,34.300686,13189.543838363668
345,34.400688,13462.094154554008
346,34.500690000000006,13507.626092146409
347,34.600692,13545.719551127102
348,34.700694000000006,13710.002039328981
349,34.800696,13874.984605155885
350,34.900698000000006,13630.372432967513
351,35.0007,13554.667798635233
352,35.100702,13442.020825476158
353,35.200703999999995,13462.92629814581
354,35.300706,13321.944256745906
355,35.400708,13290.062063157786
356,35.50071,13474.60314385031
357,35.600712,13631.794093626593
358,35.700714,13296.121300254146
359,35.800716,13757.099172521775
360,35.900718,13667.811926580318
361,36.00072,13265.739826570589
362,36.100722000000005,13350.510117622673
363,36.200724,13287.027011438602
364,36.300726000000004,13495.244688189967
365,36.400728,13540.817743542359
366,36.500730000000004,13505.390695829397
367,36.600732,13725.900304659745
368,36.700734000000004,13425.654511534627
369,36.800736,13576.844272460266
370,36.900738,13477.932117236498
371,37.00074,13459.171828876963
372,37.100742,13428.09810385947
373,37.200744,13371.258226187194
374,37.300746,12969.395563460701
375,37.400748,13152.165294920997
376,37.50075,13065.75777255955
377,37.600752,13302.953905803004
378,37.700754,13375.574838496974
379,37.800756,13277.588838417738
380,37.900758,13432.556564804425
381,38.00076,13755.150971751484
382,38.100762,13159.477278837938
383,38.200764,12913.775504927115
384,38.300766,13202.954115750272
385,38.40076800000001,13197.161989607293
386,38.50077,13198.426817521913
387,38.600772,12875.962731399843
388,38.700773999999996,13130.633697978357
389,38.800776,13325.29536303192
390,38.900777999999995,13353.849210609062
391,39.00078,13791.495550654798
392,39.100782,13716.255212407012
393,39.200784,13691.76697004962
394,39.300786,13607.387748416191
395,39.400788,14061.28122331383
396,39.50079,13844.80253134037
397,39.600792,13728.830193950458
398,39.700794,13992.648961418847
399,39.800796000000005,13555.13334713015
400,39.900798,14218.394723448146
401,40.000800000000005,13893.692198028182
402,40.100802,13554.259353939178
403,40.200804000000005,13509.590389530138
404,40.300806,13485.252533577392
405,40.400808,13280.661328320384
406,40.500809999999994,13882.996949216542
407,40.600812,13545.881830692957
408,40.700814,13630.665427754824
409,40.800816,13597.291239503418
410,40.900818,13359.737805726496
411,41.00082,13970.649291712358
412,41.100822,13944.207181463218
413,41.200824,14085.005455345392
414,41.300826,13842.158595995026
415,41.400828000000004,14006.860266243304
416,41.50083,14214.331842859016
417,41.600832000000004,14241.905608198333
418,41.700834,13767.437313766884
419,41.800836000000004,14103.506902652332
420,41.900838,14247.629313616666
421,42.000840000000004,14056.258010013216
422,42.10084200000001,13838.621425363499
423,42.200844,14288.966025251508
424,42.300846,13604.069116476854
425,42.400847999999996,13649.783664877008
426,42.50085,13749.002556935262
427,42.600851999999996,13879.03525122405
428,42.700854,13727.613023789152
429,42.800856,13451.173145059232
430,42.900858,13351.081310683014
431,43.00086,13394.631811707497
432,43.100862,13155.49860307711
433,43.200864,13154.38482780159
434,43.300866,13326.905095777602
435,43.400868,13169.354132235001
436,43.500870000000006,13105.770473314555
437,43.600872,13267.580373376215
438,43.700874000000006,12944.145978031404
439,43.800876,13062.343765262713
440,43.900878000000006,13403.170681435435
441,44.000879999999995,13405.925320376036
442,44.100882,13391.008581404181
443,44.200883999999995,13369.447189351635
444,44.300886,13389.4418696001
445,44.400888,13408.945712212157
446,44.50089,13122.791382434742
447,44.600892,12993.287952703578
448,44.700894,13157.099607252778
449,44.800896,13295.276297561211
450,44.900898,13485.041702808077
451,45.0009,13315.430362357523
452,45.100902000000005,13110.333458678699
453,45.200904,13122.964629238859
454,45.300906000000005,13237.441253945904
455,45.400908,13230.463623133459
456,45.500910000000005,13220.62395538343
457,45.600912,13261.806753041083
458,45.700914000000004,13573.868796672508
459,45.800916,13400.205619352495
460,45.900918,13392.361773319357
461,46.00092,13468.795061051633
462,46.100922,13400.51049051327
463,46.200924,13262.19758901416
464,46.300926,13507.780798564976
465,46.400928,14002.680301296074
466,46.50093,13560.564256147263
467,46.600932,13591.166919475161
468,46.700934000000004,13442.87526538198
469,46.800936,13812.715709362601
470,46.900938000000004,14105.09894280153
471,47.00094,14069.251146444461
472,47.100942,13955.497582361304
473,47.200944,13477.925177119956
474,47.300946,13494.356568024212
475,47.40094800000001,13256.589318446433
476,47.50095,13363.701205082458
477,47.600952,13653.027929296777
478,47.700953999999996,13784.87768196089
479,47.800956,13242.354253906358
480,47.900957999999996,12960.037706507233
481,48.00096,13053.862902936418
482,48.100962,13330.476510366954
483,48.200964,13262.279237181412
484,48.300966,13199.089734198227
485,48.400968,13578.356162725837
486,48.50097,13249.468127320295
487,48.600972,13429.522315674276
488,48.700974,13013.270878882959
489,48.800976000000006,13133.5933892204
490,48.900978,13285.919229645822
491,49.000980000000006,13024.785159601824
492,49.100982,12696.862018177331
493,49.200984000000005,12742.127756699412
494,49.300986,12976.61373227883
495,49.400988,12991.464975455954
496,49.500989999999994,12993.925720988433
497,49.600992,12943.68541417232
498,49.700994,12786.106820150357
499,49.800996,12933.96062527103
500,49.900998,12975.278706947161
501,50.001,12850.539872649832
502,50.101002,12976.154219579406
503,50.201004,13011.22418827315
504,50.301006,13131.052404456199
505,50.401008000000004,13480.598954332296
506,50.50101,13200.970729485134
507,50.601012000000004,13268.216322969442
508,50.701014,13431.771269577164
509,50.801016000000004,13246.48811898628
510,50.901018,13353.363383430224
511,51.001020000000004,13195.705344262138
512,51.10102200000001,13519.190124941779
513,51.201024,13078.987016327937
514,51.301026,13294.996405467775
515,51.401028,13004.46211245845
516,51.50103,12982.237883614185
517,51.601032,12834.547207919419
518,51.701034,13084.288833495591
519,51.801036,12989.670927714677
520,51.901038,12894.339600529407
521,52.00104,13001.364442493603
522,52.101042,12928.798571337895
523,52.201044,12803.989401782246
524,52.301046,13166.645497698713
525,52.401048,12933.816789416194
526,52.501050000000006,13252.658323840762
527,52.601052,13438.31505671475
528,52.701054000000006,13061.318261546303
529,52.801056,12915.561596534519
530,52.901058000000006,13203.418903134932
531,53.001059999999995,12870.385832773183
532,53.101062,12973.943761950159
533,53.201063999999995,13340.201483215435
534,53.301066,13284.73411257768
535,53.401068,13310.761056023792
536,53.50107,12773.576409847496
537,53.601072,12997.886240522903
538,53.701074,13062.91378541715
539,53.801076,13035.740937197848
540,53.901078,13228.103416892138
541,54.00108,12925.868624650897
542,54.101082000000005,12960.425183601354
543,54.201084,12728.833965138834
544,54.301086000000005,12583.6743819741
545,54.401088,12695.13931164032
546,54.501090000000005,12811.643979122471
547,54.601092,12785.250540098237
548,54.701094000000005,12738.95816509155
549,54.801096,13131.29245020719
550,54.901098,12674.096996309712
551,55.0011,12987.334989538267
552,55.101102,12976.85007941558
553,55.201104,12754.555398602755
554,55.301106,12630.13708732578
555,55.401108,12768.05064040909
556,55.50111,12763.827844983982
557,55.601112,12653.19434689474
558,55.701114000000004,12678.17917035821
559,55.801116,12614.19693914573
560,55.901118000000004,12569.433021972003
561,56.00112,12597.097670907964
562,56.101122000000004,12988.42606894282
563,56.201124,12916.674062031581
564,56.301126000000004,12671.330044278106
565,56.40112800000001,12749.023746860972
566,56.50113,12787.573118589291
567,56.601132,12876.905185244315
568,56.701133999999996,12781.024149416866
569,56.801136,12540.182630114037
570,56.901137999999996,12626.655347343238
571,57.00114,12432.514361071166
572,57.101142,12425.721086481786
573,57.201144,12276.666031687957
574,57.301146,12787.044322068681
575,57.401148,12570.76027206604
576,57.50115,13050.306565054516
577,57.601152,12758.94953747785
578,57.701154,12892.000015281126
579,57.801156000000006,13008.155315262438
580,57.901158,12839.03465360515
581,58.001160000000006,12940.28979940794
582,58.101162,12957.452678880072
583,58.201164000000006,13158.2451672593
584,58.301166,12892.197275978817
585,58.401168,12752.911577214494
586,58.501169999999995,12679.058397890116
587,58.601172,12615.923869987151
588,58.701174,12768.828226045869
589,58.801176,12859.744014521915
590,58.901178,12847.623410965509
591,59.00118,12747.352887755645
592,59.101182,13168.056249791745
593,59.201184,13164.20154581183
594,59.301186,13043.702380383826
595,59.401188000000005,12883.483810971176
596,59.50119,12773.675928472428
597,59.601192000000005,12319.549976354652
598,59.701194,12385.131073424212
599,59.801196000000004,12042.945450652263
600,59.901198,12069.474753950835
601,60.001200000000004,12093.158122916322
602,60.10120200000001,12653.391580868085
603,60.201204,12683.67987950199
604,60.301206,12475.044620248551
605,60.401208,12658.135906950674
606,60.50121,12749.549764224854
607,60.601212,12536.076910642449
608,60.701214,12673.23870418475
609,60.801216000000004,12283.385837768814
610,60.901218,12904.342502429345
611,61.00122,12547.350277575095
612,61.101222,12549.043363926967
613,61.201224,13016.360002558422
614,61.301226,12979.381289083634
615,61.401228,12749.178855873415
616,61.50123000000001,12611.734171444201
617,61.601232,12403.79324098968
618,61.70123400000001,12653.911878557188
619,61.801236,12304.57428226189
620,61.901238000000006,12488.418886719375
621,62.001239999999996,12474.547098978737
622,62.101242,12376.393038443626
623,62.201243999999996,12481.362347763927
624,62.301246,12157.790448614896
625,62.401248,12342.794807855227
626,62.50125,12276.133347257231
627,62.601252,12350.25738119315
628,62.701254,12377.968870916735
629,62.801256,12375.694106549787
630,62.901258,12453.23002716365
631,63.00126,12701.212008701948
632,63.101262000000006,12621.285857097848
633,63.201264,12863.291215136156
634,63.301266000000005,12701.077762241901
635,63.401268,12443.98893066018
636,63.501270000000005,12387.307717784928
637,63.601272,12435.32980218686
638,63.701274000000005,12489.339462211321
639,63.801276,12671.104401442642
640,63.901278,12391.95055861956
641,64.00128,12412.77886800146
642,64.101282,12772.971340297576
643,64.201284,12945.658418431589
644,64.301286,13094.835249281397
645,64.401288,12822.563684634533
646,64.50129,12629.125364493731
647,64.601292,12554.961875891398
648,64.701294,12599.284256890809
649,64.80129600000001,12413.581686376523
650,64.901298,12539.831134656157
651,65.0013,12113.350859245322
652,65.101302,12452.616870338556
653,65.20130400000001,12392.459724724993
654,65.30130600000001,12556.784865293988
655,65.401308,12587.769921540494
656,65.50131,12460.99420697525
657,65.60131200000001,12473.588116941828
658,65.701314,12628.407242519783
659,65.801316,12593.605198581838
660,65.901318,12390.110365973538
661,66.00132,12694.63299591348
662,66.101322,12912.805460937338
663,66.20132400000001,12753.348751768995
664,66.301326,12624.776764099412
665,66.401328,12539.13886142903
666,66.50133,12418.374965966415
667,66.601332,12574.035658882805
668,66.701334,12538.638063003584
669,66.80133599999999,12646.304526210048
670,66.90133800000001,12537.979654426601
671,67.00134,12490.229735023646
672,67.101342,12267.060379532897
673,67.20134399999999,12638.433919145084
674,67.30134600000001,12273.274513483293
675,67.401348,12329.171761926655
676,67.50135,12666.481903834045
677,67.601352,12501.635830074469
678,67.70135400000001,12508.861372685797
679,67.801356,12578.261031093536
680,67.901358,12519.75112124259
681,68.00136,12387.35847097909
682,68.10136200000001,12353.39877420728
683,68.201364,12445.33758717259
684,68.301366,12315.905714328495
685,68.401368,12261.152364106829
686,68.50137,12626.454244281706
687,68.601372,12338.427574999925
688,68.701374,11975.453284600564
689,68.801376,12342.386856215451
690,68.901378,12116.594139431421
691,69.00138000000001,11933.052273746642
692,69.101382,12276.690299751199
693,69.201384,12157.898076185773
694,69.301386,12277.143325526824
695,69.40138800000001,11944.01716437243
696,69.50139,12012.002083000238
697,69.601392,12154.044671230415
698,69.701394,12032.09747207262
699,69.80139600000001,12201.942746304754
700,69.901398,12252.153088061243
701,70.0014,12285.65553252242
702,70.10140200000001,11939.038448441848
703,70.201404,12132.150768683843
704,70.301406,12015.541047528583
705,70.40140799999999,12089.053460135381
706,70.50141,12156.06772640919
707,70.601412,11819.727854960624
708,70.701414,11862.451255428468
709,70.801416,11931.443780987174
710,70.901418,11929.342330048663
711,71.00142,12557.356963218439
712,71.101422,12745.216341974121
713,71.201424,12753.093653369277
714,71.301426,12838.978917916258
715,71.401428,12739.917966128029
716,71.50143000000001,12484.457101697977
717,71.601432,12639.04005192318
718,71.701434,12242.397900595717
719,71.801436,12509.281819454302
720,71.901438,12338.433498753311
721,72.00144,12553.850545112222
722,72.10144199999999,12416.434644384393
723,72.20144400000001,12490.495219076662
724,72.301446,12614.65461737042
725,72.401448,12670.356669352775
726,72.50144999999999,13109.619572789668
727,72.60145200000001,12581.070347860186
728,72.701454,12510.20456991202
729,72.801456,12542.000903199008
730,72.901458,12661.591639934972
731,73.00146000000001,12872.489469733331
732,73.101462,12866.288010760616
733,73.201464,12711.55970607097
734,73.301466,12372.51117229549
735,73.40146800000001,12470.173006903124
736,73.50147,12638.759391927255
737,73.601472,12550.029692424105
738,73.701474,12512.889385462877
739,73.801476,12169.720158119751
740,73.901478,12132.209020673978
741,74.00148,12176.98022244978
742,74.101482,12213.10403299626
743,74.201484,12253.028788639545
744,74.30148600000001,12197.4732317453
745,74.401488,12364.381727364893
746,74.50149,12012.078364536106
747,74.601492,12326.757318190657
748,74.70149400000001,12548.6105464803
749,74.801496,12393.840010786796
750,74.901498,12239.631227924843
751,75.0015,12303.76975760502
752,75.10150200000001,12476.572969898341
753,75.201504,12285.628774073886
754,75.301506,12458.925137485174
755,75.401508,12597.398096505258
756,75.50151,12535.276673029828
757,75.601512,12460.960293928723
758,75.70151399999999,12276.441467906563
759,75.801516,12327.36496176719
760,75.901518,12468.4567727246
761,76.00152,12348.857076742936
762,76.101522,12387.042214473067
763,76.201524,12523.691216350984
764,76.301526,12446.331328949836
765,76.401528,11943.628094804464
766,76.50153,12462.573791318244
767,76.601532,12218.21468119651
768,76.701534,12251.519343926117
769,76.80153600000001,12388.770128810747
770,76.901538,12649.898389284046
771,77.00154,12502.124195564724
772,77.101542,12501.211933794186
773,77.201544,12744.721512742772
774,77.301546,12500.235021609502
775,77.40154799999999,12505.398272905704
776,77.50155000000001,12648.593566427955
777,77.601552,12594.304773858592
778,77.701554,12519.861736241957
779,77.80155599999999,12782.07448660491
780,77.90155800000001,12633.057295834315
781,78.00156,13041.528868695366
782,78.101562,12727.165684732652
783,78.201564,12696.68380062066
784,78.30156600000001,12353.30883780529
785,78.401568,12410.040076789903
786,78.50157,12365.392139293665
787,78.601572,12711.522911964494
788,78.70157400000001,12619.12420149458
789,78.801576,12586.265252254336
790,78.90157800000001,12432.17359952051
791,79.00158,12639.095713405417
792,79.101582,12549.97298536745
793,79.201584,12541.14523385595
794,79.301586,12530.01902622667
795,79.401588,12765.00470284626
796,79.50159,12456.310434596164
797,79.60159200000001,11935.385060863999
798,79.701594,12379.98828013785
799,79.801596,12121.207550652374
800,79.90159799999999,12225.882619539258
801,80.00160000000001,12563.663442085419
802,80.101602,12486.842673846339
803,80.201604,12677.172179011171
804,80.301606,12583.504340775029
805,80.40160800000001,12892.56863083969
806,80.50161,12609.669253058357
807,80.601612,12395.88963355896
808,80.701614,12356.684735394776
809,80.801616,12155.700768801124
810,80.901618,12638.327327315525
811,81.00161999999999,12432.986352876138
812,81.101622,12316.454348163123
813,81.201624,12277.17762316731
814,81.301626,12309.300080789872
815,81.401628,12454.388716432803
816,81.50163,12279.198672702594
817,81.601632,12347.307887637719
818,81.701634,12247.30555286389
819,81.801636,11974.058252108505
820,81.901638,12257.166849100568
821,82.00164,12279.128073193444
822,82.10164200000001,12764.455688462107
823,82.201644,13154.708480674297
824,82.301646,13001.930287084086
825,82.401648,12769.005993728388
826,82.50165000000001,12466.88457481486
827,82.601652,12589.876923008169
828,82.70165399999999,12506.811054222051
829,82.80165600000001,12522.789629053084
830,82.901658,12291.50351367022
831,83.00166,12607.181280217561
832,83.10166199999999,12425.683580532097
833,83.20166400000001,12564.70682245041
834,83.301666,12649.986772016688
835,83.401668,12614.97829733247
836,83.50167,12755.093160183886
837,83.60167200000001,12569.269756944099
838,83.701674,12646.033700337832
839,83.801676,12495.225660906253
840,83.901678,12618.912267374084
841,84.00168000000001,12771.088659529165
842,84.101682,12826.013952412706
843,84.20168400000001,12631.544265153372
844,84.301686,12704.824795397886
845,84.401688,12776.850482036674
846,84.50169,12389.754639182192
847,84.601692,12719.496313370193
848,84.701694,12464.387337934415
849,84.80169599999999,12270.791493909512
850,84.90169800000001,12358.610783947985
851,85.0017,12584.292061297452
852,85.101702,12367.989919668149
853,85.20170399999999,12655.835945043344
854,85.30170600000001,12528.500009485018
855,85.401708,12890.451670861858
856,85.50171,12406.283736698046
857,85.601712,12336.737101099412
858,85.70171400000001,12595.180090885062
859,85.801716,12860.917418241484
860,85.901718,12722.90099061563
861,86.00172,12737.84451302425
862,86.10172200000001,12877.684793309087
863,86.201724,13129.567190558078
864,86.301726,12954.809825724265
865,86.401728,13235.815095623044
866,86.50173,13245.1857583183
867,86.601732,13226.425071827944
868,86.701734,12918.705613167644
869,86.801736,12707.483506139099
870,86.901738,12963.729456680323
871,87.00174000000001,13554.115840316575
872,87.101742,13004.323443625795
873,87.201744,12921.770779544362
874,87.301746,12742.097988887499
875,87.40174800000001,12778.53414822693
876,87.50175,12715.570249477338
877,87.601752,13019.865632953197
878,87.701754,12795.44914532771
879,87.80175600000001,12660.795500803579
880,87.901758,12943.264330713168
881,88.00175999999999,12762.017277616054
882,88.10176200000001,12317.873110366158
883,88.201764,13034.343001105268
884,88.301766,12933.663295119479
885,88.40176799999999,12670.792892314363
886,88.50177000000001,12733.103673272735
887,88.601772,12516.843659648797
888,88.701774,12582.00261681514
889,88.801776,12643.683639163473
890,88.90177800000001,12680.223216902203
891,89.00178,12607.029337750022
892,89.101782,12423.681884681539
893,89.201784,12582.937965351995
894,89.301786,12611.788418352495
895,89.401788,12768.48058009577
896,89.50179000000001,12644.959832611929
897,89.601792,12756.127336842705
898,89.701794,12674.868109653651
899,89.801796,12736.146704827943
900,89.901798,12138.261795713797
901,90.0018,12281.258356658369
902,90.10180199999999,12517.57531341048
903,90.20180400000001,12703.195032593967
904,90.301806,12613.092684304462
905,90.401808,12712.908725696354
906,90.50180999999999,12763.193875117779
907,90.60181200000001,12641.079447278991
908,90.701814,13056.683425721072
909,90.801816,13082.965084588166
910,90.901818,12481.91443341818
911,91.00182000000001,12925.614288718736
912,91.101822,12800.158096070665
913,91.201824,13027.913497612932
914,91.301826,12748.554024038442
915,91.40182800000001,12890.784791933642
916,91.50183,12743.878228443342
917,91.601832,12567.220715214824
918,91.701834,12829.46551442639
919,91.801836,12663.43566914551
920,91.901838,12276.282685274131
921,92.00184,12555.657487672075
922,92.101842,12617.19726455386
923,92.201844,12386.833416111036
924,92.30184600000001,12450.639222602013
925,92.401848,12098.169503891173
926,92.50185,12611.889831868342
927,92.601852,12492.979681084313
928,92.70185400000001,12897.150430699105
929,92.801856,12734.347483391211
930,92.901858,12388.21432597594
931,93.00186,12439.134352046778
932,93.10186200000001,12779.49856581434
933,93.201864,12513.477339647841
934,93.301866,12995.178908715345
935,93.40186800000001,12752.759870028613
936,93.50187,12739.863344354188
937,93.601872,12816.431862113268
938,93.70187399999999,12840.118776681664
939,93.80187600000001,12746.002464761072
940,93.901878,12825.806614912442
941,94.00188,12896.27440269407
942,94.101882,12991.781973036901
943,94.201884,12820.178714700369
944,94.301886,12782.564365328619
945,94.401888,12745.178894884097
946,94.50189,13057.677693719434
947,94.601892,13035.050177886891
948,94.701894,12709.505473536221
949,94.80189600000001,12896.851517076617
950,94.901898,12880.494149564709
951,95.0019,12655.60368021444
952,95.101902,12443.276538531014
953,95.201904,12350.94426041734
954,95.301906,12779.121151222003
955,95.40190799999999,12760.097710774393
956,95.50191000000001,12728.781837795685
957,95.601912,12514.00011713866
958,95.701914,12915.267732070763
959,95.80191599999999,12527.031524833892
960,95.90191800000001,12925.339396272311
961,96.00192,12608.108557979143
962,96.101922,12741.627794793067
963,96.201924,12788.036118730379
964,96.30192600000001,12813.831931222572
965,96.401928,12718.955140228178
966,96.50193,12764.821369323352
967,96.601932,12704.877023129044
968,96.70193400000001,13092.567308227905
969,96.801936,12635.377042549853
970,96.90193800000002,12946.005266468723
971,97.00194,12805.991164574245
972,97.101942,12926.30761668311
973,97.201944,12626.41400447832
974,97.301946,12649.933464799227
975,97.401948,13089.867199527496
976,97.50195,12852.680698337397
977,97.60195200000001,12955.899321159728
978,97.701954,12799.340742566685
979,97.801956,12821.445324753502
980,97.901958,12673.073693443988
981,98.00196000000001,12287.508427310613
982,98.101962,12497.568881119394
983,98.201964,12436.442640357642
984,98.30196600000001,12753.966596760443
985,98.40196800000001,12694.77282266312
986,98.50197,12722.311135382703
987,98.601972,12869.388169865379
988,98.701974,12690.154726800194
989,98.801976,12561.724209456861
990,98.901978,12913.977335172864
991,99.00197999999999,12745.292615197848
992,99.101982,12639.331181474034
993,99.201984,12859.678105422978
994,99.301986,12628.718210915717
995,99.401988,12840.480159599838
996,99.50199,12765.776529112181
997,99.601992,12365.572162272234
998,99.701994,12506.4977099689
999,99.801996,12780.407370100153
1000,99.901998,13047.083814459358
1001,100.002,12643.347648303334
1002,100.10200200000001,12663.040774790472
1003,100.202004,12543.408528317348
1004,100.302006,12638.482738649904
1005,100.402008,12879.921446334834
1006,100.50201000000001,12858.63786242352
1007,100.602012,12905.136152161465
1008,100.70201399999999,13207.925128376628
1009,100.80201600000001,12746.539556397152
1010,100.902018,12823.726196603055
1011,101.00202,12790.795070747685
1012,101.10202199999999,12835.639698142433
1013,101.20202400000001,12627.96073498216
1014,101.302026,13040.349573960691
1015,101.402028,12613.250421389906
1016,101.50203,12111.362610894652
1017,101.60203200000001,12330.44918313142
1018,101.702034,12174.790636818234
1019,101.802036,12673.886405325384
1020,101.902038,12129.395671421993
1021,102.00204000000001,12189.086450827504
1022,102.102042,11775.88630867489
1023,102.20204400000001,12216.08613997307
1024,102.302046,12213.986653421092
1025,102.402048,12259.272191327336
1026,102.50205,12324.377283534353
1027,102.602052,12429.505255789707
1028,102.702054,12457.169217253297
1029,102.802056,12675.912761644233
1030,102.90205800000001,12809.192815504884
1031,103.00206,12979.395163889983
1032,103.102062,12724.928338299114
1033,103.202064,12408.869093659756
1034,103.30206600000001,12104.712402937432
1035,103.402068,12253.212622864276
1036,103.50207,12675.77457641578
1037,103.602072,12791.656080439256
1038,103.70207400000001,12573.756917923174
1039,103.802076,12344.781458843854
1040,103.902078,12628.777439773543
1041,104.00208,12549.4079757667
1042,104.10208200000001,12591.472899578212
1043,104.202084,12718.914572902193
1044,104.302086,12604.951802757556
1045,104.402088,12534.13696674026
1046,104.50209,13140.487719419456
1047,104.602092,13093.869224150996
1048,104.702094,12964.5390104293
1049,104.802096,13038.8297435235
1050,104.902098,13170.420161318156
1051,105.00210000000001,12844.708163295512
1052,105.102102,13083.127678404779
1053,105.202104,13019.900981230692
1054,105.302106,12638.45995801943
1055,105.40210800000001,12630.535958085884
1056,105.50211,12700.653037510758
1057,105.602112,12478.069274131449
1058,105.702114,13076.51029471704
1059,105.80211600000001,12729.41310558216
1060,105.902118,12724.548401802647
1061,106.00211999999999,12866.778504037607
1062,106.10212200000001,12722.594531800205
1063,106.202124,12712.552522465801
1064,106.302126,12804.784425656628
1065,106.40212799999999,12723.9632988889
1066,106.50213000000001,12755.73907128379
1067,106.602132,12858.164962740868
1068,106.702134,12719.275367518801
1069,106.802136,12572.06523765079
1070,106.90213800000001,12631.720529876855
1071,107.00214,12763.045741287124
1072,107.102142,12825.399459615774
1073,107.202144,12845.684234794004
1074,107.30214600000001,12762.633799557221
1075,107.402148,13162.565239554773
1076,107.50215000000001,12848.172778193652
1077,107.602152,12717.33902035539
1078,107.702154,12698.952715687636
1079,107.802156,12689.900773576333
1080,107.902158,12694.535883508706
1081,108.00216,12666.252802854617
1082,108.10216199999999,12540.331487191495
1083,108.20216400000001,12621.431122007836
1084,108.302166,12702.659785024984
1085,108.402168,13000.353646473577
1086,108.50216999999999,13049.703750827875
1087,108.60217200000001,12750.823186572712
1088,108.702174,12757.617878292533
1089,108.802176,12490.566716846413
1090,108.902178,12600.83490406674
1091,109.00218000000001,13315.206830110857
1092,109.102182,13235.296919367162
1093,109.202184,13059.187638060717
1094,109.302186,13116.793629740758
1095,109.40218800000001,13000.49470698993
1096,109.50219,13305.140716878732
1097,109.602192,13059.5967113166
1098,109.702194,13270.708429683806
1099,109.802196,13019.517789256095
1100,109.902198,13134.119325183658
1101,110.0022,13049.192101173094
1102,110.102202,13049.632681054305
1103,110.202204,13158.14909628418
1104,110.30220600000001,12571.84653319508
1105,110.402208,12946.374428167897
1106,110.50221,13100.587583187313
1107,110.602212,12928.64355511992
1108,110.70221400000001,13264.452103173438
1109,110.802216,13351.278220064292
1110,110.902218,13081.5432460932
1111,111.00222,13228.080412859354
1112,111.10222200000001,12813.977706455586
1113,111.202224,13040.428617448202
1114,111.30222599999999,12776.312824393608
1115,111.40222800000001,12886.067288229473
1116,111.50223,12756.43442789361
1117,111.602232,12548.267430945893
1118,111.70223399999999,12738.040169710053
1119,111.80223600000001,12717.731334186916
1120,111.902238,12441.972690948984
1121,112.00224,12598.137952123756
1122,112.102242,12397.128201390798
1123,112.20224400000001,12153.25652925137
1124,112.302246,12383.552906135172
1125,112.402248,12553.233135287182
1126,112.50225,12513.751824349994
1127,112.60225200000001,12698.242738881223
1128,112.702254,12492.990278398529
1129,112.80225600000001,12459.338786010616
1130,112.902258,12363.899128220572
1131,113.00226,12479.136831016334
1132,113.102262,12170.725894640069
1133,113.202264,12047.580527733175
1134,113.302266,12465.583941462328
1135,113.40226799999999,12170.055901810456
1136,113.50227000000001,12453.77945522902
1137,113.602272,12070.58861072558
1138,113.702274,11694.390091505373
1139,113.80227599999999,12010.518710775888
1140,113.90227800000001,12324.397205980144
1141,114.00228,11947.471033429598
1142,114.102282,11758.072507592859
1143,114.202284,12110.203036407987
1144,114.30228600000001,12100.842329225066
1145,114.402288,12055.595684155822
1146,114.50229,12041.378949255222
1147,114.602292,12493.18824914132
1148,114.70229400000001,12361.68735006957
1149,114.802296,12406.919657399898
1150,114.902298,12388.378793740545
1151,115.0023,12450.321941582686
1152,115.102302,12391.664325288764
1153,115.202304,12273.232903958144
1154,115.302306,12291.100156812887
1155,115.402308,12248.41003303896
1156,115.50231,12133.588594621102
1157,115.60231200000001,11992.584241607761
1158,115.702314,12196.959063216564
1159,115.802316,12321.504169409376
1160,115.902318,11992.955884385852
1161,116.00232000000001,12203.44026876992
1162,116.102322,11991.134997806777
1163,116.202324,12043.83461959217
1164,116.30232600000001,12015.72990256255
1165,116.40232800000001,11976.732648080808
1166,116.50233,11899.527381582986
1167,116.602332,11861.184778884839
1168,116.70233400000001,11894.964829588389
1169,116.802336,11737.34293710574
1170,116.902338,12096.660436288956
1171,117.00233999999999,12076.330609544219
1172,117.10234200000001,12060.970870464302
1173,117.202344,11926.329954581299
1174,117.302346,11794.778877109395
1175,117.402348,11679.444287279633
1176,117.50235,11808.271365659844
1177,117.602352,11944.065825290925
1178,117.702354,11880.256059482444
1179,117.802356,11662.500434822425
1180,117.902358,11459.668252014015
1181,118.00236,11494.920188153812
1182,118.10236200000001,11655.354978794638
1183,118.202364,11634.429803104571
1184,118.302366,11767.229277976407
1185,118.402368,11440.829189206555
1186,118.50237,11708.620995802772
1187,118.602372,11749.476549304207
1188,118.70237399999999,11702.138867636895
1189,118.80237600000001,11687.838051811092
1190,118.902378,11666.897134604573
1191,119.00238,11738.743699757835
1192,119.10238199999999,11832.631765980972
1193,119.20238400000001,11620.527650559
1194,119.302386,11853.432168818385
1195,119.402388,11848.371046999677
1196,119.50239,11978.769038822827
1197,119.60239200000001,11958.984324428282
1198,119.702394,12009.043605527198
1199,119.802396,12290.6953121403
1200,119.902398,12149.438751579728
1201,120.00240000000001,12021.62661191472
1202,120.102402,12196.684732743699
1203,120.20240400000002,12112.620638194107
1204,120.302406,12221.539657993964
1205,120.402408,12294.551071045373
1206,120.50241,11998.706255445033
1207,120.602412,12292.324299095812
1208,120.702414,11792.111827999313
1209,120.802416,12400.324036853879
1210,120.90241800000001,12123.11426717002
1211,121.00242,12107.019026823691
1212,121.102422,12190.69233347327
1213,121.202424,12560.785678516344
1214,121.30242600000001,12010.411719287456
1215,121.402428,12019.568535857732
1216,121.50243,12387.012224230928
1217,121.60243200000001,12049.92211462844
1218,121.70243400000001,12030.135056195793
1219,121.802436,12243.90840423242
1220,121.902438,12342.62582800999
1221,122.00244,12397.433549152356
1222,122.102442,12161.426323236012
1223,122.202444,12864.882211532456
1224,122.302446,12289.08687151663
1225,122.402448,12655.8272570555
1226,122.50245,12443.823622740558
1227,122.602452,12965.265985283346
1228,122.702454,13129.018905464824
1229,122.802456,13158.031902170407
1230,122.902458,12793.093840620097
1231,123.00246000000001,12627.586145425861
1232,123.102462,12350.162656668568
1233,123.202464,12543.921022211684
1234,123.302466,12415.677107246433
1235,123.40246800000001,12329.32840239202
1236,123.50247,12143.981584309808
1237,123.602472,12519.198033069644
1238,123.702474,11986.70216066644
1239,123.80247600000001,12663.240534765313
1240,123.902478,12477.212915979062
1241,124.00247999999999,12233.25876588886
1242,124.10248200000001,12537.517641625125
1243,124.202484,12373.471616031793
1244,124.302486,12604.852961657365
1245,124.40248799999999,12264.038941940134
1246,124.50249000000001,12325.694596163275
1247,124.602492,12618.708875085933
1248,124.702494,12499.895912940687
1249,124.802496,12142.24747566832
1250,124.90249800000001,12068.571260416755
1251,125.0025,12746.695140557653
1252,125.102502,12497.338856818269
1253,125.202504,12532.753501335415
1254,125.30250600000001,12714.575866299007
1255,125.402508,12217.235858288555
1256,125.50251000000002,12742.633869318071
1257,125.602512,12860.571085886622
1258,125.702514,12747.765256747498
1259,125.802516,12822.610507187701
1260,125.902518,12582.136072106521
1261,126.00252,12675.381825338067
1262,126.102522,12796.541789946661
1263,126.20252400000001,12867.153925907627
1264,126.302526,12613.61038617517
1265,126.402528,12990.829882210413
1266,126.50253,12793.89960469862
1267,126.60253200000001,12327.94870530181
1268,126.702534,12511.297309358657
1269,126.802536,13028.488795003177
1270,126.902538,12698.470044022022
1271,127.00254000000001,12696.053786550316
1272,127.102542,12676.139216408417
1273,127.202544,12840.847948017334
1274,127.302546,12665.4220158283
1275,127.40254800000001,12515.459099698344
1276,127.50255,12782.093303045887
1277,127.602552,12832.117927905523
1278,127.702554,12953.905241343791
1279,127.802556,12935.863000929572
1280,127.902558,12911.374659852723
1281,128.00256,12765.303145011887
1282,128.102562,12787.168341340997
1283,128.202564,12798.504531394176
1284,128.302566,12815.188593757117
1285,128.402568,12947.893333498623
1286,128.50257000000002,13077.94217360196
1287,128.602572,13165.611162591002
1288,128.702574,13005.962194788857
1289,128.802576,12762.08854102437
1290,128.902578,13051.653258016233
1291,129.00258,12979.80813327951
1292,129.102582,13261.584730141973
1293,129.202584,13185.92940001228
1294,129.302586,13440.710681178105
1295,129.402588,13700.17219446049
1296,129.50259,13429.389299679538
1297,129.60259200000002,13187.113091900244
1298,129.702594,13549.945729460918
1299,129.802596,13236.285689771064
1300,129.902598,13371.793482089623
1301,130.0026,13235.220238007174
1302,130.102602,13178.160988328753
1303,130.202604,12638.515671520398
1304,130.302606,12982.771619133318
1305,130.40260800000001,12614.196269299231
1306,130.50261,13002.065563740385
1307,130.60261200000002,13006.897344314888
1308,130.702614,12923.292336259883
1309,130.802616,13056.777824879511
1310,130.902618,13323.123027036576
1311,131.00262,13473.13469788507
1312,131.102622,13176.63883773976
1313,131.20262400000001,13414.956747590939
1314,131.30262599999998,13024.512159132788
1315,131.402628,13335.568464158323
1316,131.50263,13206.645634955521
1317,131.602632,13389.223551141482
1318,131.702634,13265.89856128422
1319,131.802636,13677.569940139978
1320,131.902638,13502.735547295897
1321,132.00264,13049.242857572186
1322,132.102642,13211.56517092883
1323,132.202644,13318.705571562867
1324,132.302646,13196.908365374944
1325,132.40264800000003,13762.798138066255
1326,132.50265,13248.094311426563
1327,132.602652,13245.578306713138
1328,132.702654,13396.277263760294
1329,132.802656,13080.953564434905
1330,132.902658,13072.275886479283
1331,133.00266,13233.747487400364
1332,133.102662,13257.123780082151
1333,133.202664,13348.682213582852
1334,133.302666,13429.036628144318
1335,133.402668,13269.799078389797
1336,133.50267000000002,13383.389003068793
1337,133.60267199999998,13419.265222948488
1338,133.702674,13179.892810994832
1339,133.80267600000002,13185.801045752032
1340,133.902678,13282.272933872377
1341,134.00268,13286.891095450786
1342,134.102682,13272.009816416828
1343,134.202684,13104.480430133297
1344,134.30268600000002,13178.492305276039
1345,134.40268799999998,13434.782985116817
1346,134.50269,13652.002581648007
1347,134.60269200000002,13120.850247344859
1348,134.70269399999998,13101.257382314086
1349,134.802696,13031.224643588082
1350,134.90269800000002,12860.6432593226
1351,135.0027,12967.59304621292
1352,135.102702,12864.255958227877
1353,135.202704,13043.412608538305
1354,135.302706,12973.187626066587
1355,135.40270800000002,13108.767419193471
1356,135.50270999999998,13202.076064910443
1357,135.602712,13060.28926674087
1358,135.70271400000001,13056.030473297416
1359,135.802716,13061.440466306494
1360,135.902718,12935.641460501318
1361,136.00272,12926.257142589095
1362,136.102722,12590.45693587864
1363,136.20272400000002,13141.371211898311
1364,136.302726,13252.717599445963
1365,136.402728,13408.906669945763
1366,136.50273,13012.995873096343
1367,136.602732,13205.381070415882
1368,136.702734,13008.620707419846
1369,136.802736,13024.889417608494
1370,136.902738,13145.653093703966
1371,137.00274,13172.728002024043
1372,137.102742,12606.354652567321
1373,137.202744,12824.258351911856
1374,137.302746,12921.07537575625
1375,137.402748,12907.197927469933
1376,137.50275,13193.31446878043
1377,137.602752,13436.699546997981
1378,137.70275400000003,13083.275345990101
1379,137.802756,12598.829092024776
1380,137.902758,12773.994636335576
1381,138.00276000000002,12491.128081882456
1382,138.102762,13066.760871931208
1383,138.202764,13030.042503528628
1384,138.302766,12925.721391285591
1385,138.402768,13297.114373027463
1386,138.50277,13384.588404992099
1387,138.602772,13043.796825659623
1388,138.702774,12922.093899901523
1389,138.80277600000002,13115.103337601862
1390,138.90277799999998,13177.753563035702
1391,139.00278,12923.445741482723
1392,139.10278200000002,13042.701838313817
1393,139.202784,12685.056142305788
1394,139.302786,12439.038396494481
1395,139.402788,12536.549838808081
1396,139.50279,12913.298145937744
1397,139.60279200000002,12903.067071369625
1398,139.70279399999998,13137.061589987676
1399,139.802796,13058.614130783835
1400,139.90279800000002,12623.819352546898
1401,140.0028,13098.254130868243
1402,140.102802,12997.423478300127
1403,140.20280400000001,12828.815926799412
1404,140.302806,13115.509039755345
1405,140.402808,12828.976223286056
1406,140.50281,12736.934678583983
1407,140.602812,12791.556007736715
1408,140.70281400000002,12808.353946693793
1409,140.80281599999998,12696.880529530214
1410,140.902818,12666.318819397016
1411,141.00282,12423.076694250982
1412,141.102822,12631.491749928531
1413,141.202824,12949.972128532545
1414,141.302826,12573.932256434126
1415,141.402828,12867.14161214461
1416,141.50283000000002,12675.466842037134
1417,141.602832,12580.59741642321
1418,141.702834,12399.88575144102
1419,141.802836,12868.475242075177
1420,141.902838,12631.358503612835
1421,142.00284,12615.326079203713
1422,142.102842,12698.946249436041
1423,142.202844,12660.486782763874
1424,142.302846,12747.141556355793
1425,142.402848,13099.411165965583
1426,142.50285,12960.685449229997
1427,142.602852,12930.847534892808
1428,142.702854,13283.249762402847
1429,142.802856,12847.539435174
1430,142.902858,12686.141157375232
1431,143.00286000000003,13312.856361051812
1432,143.102862,13278.016453041593
1433,143.202864,13092.82917903503
1434,143.30286600000002,13175.156631544292
1435,143.402868,13276.375841189816
1436,143.50287,12944.517460842753
1437,143.602872,12935.964058534611
1438,143.702874,12729.470206261007
1439,143.802876,13068.43544036723
1440,143.902878,12836.984039450128
1441,144.00288,12910.948655207709
1442,144.10288200000002,13049.081388049104
1443,144.20288399999998,12397.09863223567
1444,144.302886,12708.03852331208
1445,144.40288800000002,12869.835117623086
1446,144.50289,12663.544762929123
1447,144.602892,12691.116753259152
1448,144.702894,12925.181571007248
1449,144.802896,12641.600643553298
1450,144.90289800000002,12501.027909458346
1451,145.00289999999998,12610.697035405758
1452,145.102902,13048.230272589442
1453,145.20290400000002,12588.291200013498
1454,145.302906,12593.267177679512
1455,145.402908,12666.597670133282
1456,145.50291,12537.069814687067
1457,145.602912,12749.503281522868
1458,145.702914,12685.995620614101
1459,145.802916,12875.636493754813
1460,145.902918,12571.628999199498
1461,146.00292000000002,12812.525380882378
1462,146.10292199999998,12504.01043683989
1463,146.202924,12469.935350415899
1464,146.302926,12459.06832919416
1465,146.402928,12367.567620293934
1466,146.50293,12510.253449247368
1467,146.602932,12771.910771427833
1468,146.702934,12708.296677851418
1469,146.80293600000002,12785.357565116707
1470,146.902938,12590.651778948966
1471,147.00294,12564.792306203055
1472,147.102942,12415.907298936661
1473,147.202944,12330.660747900696
1474,147.302946,11862.444835443326
1475,147.402948,12093.900923749052
1476,147.50295,12455.778375794376
1477,147.602952,12675.339279808732
1478,147.702954,12430.464578531792
1479,147.802956,12362.5246485092
1480,147.902958,12709.495514548436
1481,148.00296,12915.454649066853
1482,148.102962,12586.38492614428
1483,148.202964,12356.72852488781
1484,148.30296600000003,12182.575992954316
1485,148.402968,12322.419999077778
1486,148.50297,12358.25070162861
1487,148.60297200000002,12096.59193231494
1488,148.702974,12377.965097176033
1489,148.802976,12168.437617210646
1490,148.902978,12590.77369485652
1491,149.00298,12600.732885191324
1492,149.102982,12481.663245367165
1493,149.202984,12522.32390029367
1494,149.302986,12656.4739024601
1495,149.40298800000002,13139.762893138968
1496,149.50298999999998,12986.743177820359
1497,149.602992,12327.365250698575
1498,149.70299400000002,12393.212357515016
1499,149.802996,12341.68990085972
1500,149.902998,12246.50864897867
1501,150.003,12294.676062310955
1502,150.103002,12312.429408884203
1503,150.20300400000002,12623.756009106888
1504,150.30300599999998,12262.210752317025
1505,150.403008,12580.670677808372
1506,150.50301000000002,12617.6929976319
1507,150.603012,12427.433550564347
1508,150.703014,12705.680229347061
1509,150.803016,12920.660699707805
1510,150.903018,12829.137695060264
1511,151.00302,12724.569212675005
1512,151.103022,12292.109884719082
1513,151.203024,12130.077707033532
1514,151.30302600000002,12450.265533769301
1515,151.40302799999998,12347.595027956395
1516,151.50303,12282.494132911057
1517,151.603032,12413.276144357736
1518,151.703034,12533.936850467424
1519,151.803036,12575.01765450695
1520,151.903038,12504.20291877136
1521,152.00304,12656.639143865774
1522,152.10304200000002,12709.691481975442
1523,152.203044,12553.361049517947
1524,152.303046,12487.506177775304
1525,152.403048,12329.655535834187
1526,152.50305000000003,12626.490024276469
1527,152.603052,12348.07608517102
1528,152.703054,12593.271755480897
1529,152.803056,12521.862754227117
1530,152.903058,12806.802290211237
1531,153.00306,12689.154856857818
1532,153.103062,12276.380699414714
1533,153.203064,12208.905683310855
1534,153.303066,12604.696027662601
1535,153.403068,12421.253777645115
1536,153.50307,12233.824343651748
1537,153.60307200000003,12461.968300466811
1538,153.703074,12387.811168763135
1539,153.803076,12221.020663438376
1540,153.90307800000002,12181.24849418809
1541,154.00308,12455.8012498265
1542,154.103082,12407.021690700156
1543,154.203084,12368.82291410731
1544,154.303086,12439.105347160403
1545,154.403088,12881.69442275737
1546,154.50309,12506.052476495493
1547,154.603092,12699.147543930265
1548,154.70309400000002,12700.80482676415
1549,154.80309599999998,12441.397732672944
1550,154.903098,12540.693558566678
1551,155.00310000000002,12642.533016152604
1552,155.103102,12399.296828488857
1553,155.203104,12412.029638636091
1554,155.303106,12208.137273228398
1555,155.403108,12252.936073331906
1556,155.50311000000002,12051.501020448943
1557,155.60311199999998,12408.299512570547
1558,155.703114,12596.408320478116
1559,155.80311600000002,12522.38100366233
1560,155.903118,12449.803470355791
1561,156.00312,12503.496147729787
1562,156.103122,12174.392751215359
1563,156.203124,12406.47674579163
1564,156.303126,12522.044059808179
1565,156.403128,12407.515909541436
1566,156.50313,12149.554334240762
1567,156.60313200000002,12151.278156173306
1568,156.70313399999998,12329.872621430304
1569,156.803136,12589.549857464539
1570,156.903138,12255.700871402541
1571,157.00314,11916.999767760259
1572,157.103142,12231.948153260655
1573,157.203144,12173.259925169883
1574,157.303146,12675.85441172408
1575,157.40314800000002,12613.97605059193
1576,157.50315,12223.585491868944
1577,157.603152,12129.918154814513
1578,157.703154,12111.981777529141
1579,157.80315600000003,11975.391377495562
1580,157.903158,11990.716536187127
1581,158.00316,12222.278249631347
1582,158.103162,11994.859945604056
1583,158.203164,12104.856467461052
1584,158.303166,12167.723958020973
1585,158.403168,12150.497059433355
1586,158.50317,12276.172572762935
1587,158.603172,12649.989158764309
1588,158.703174,12388.260590194675
1589,158.803176,12226.449268014097
1590,158.90317800000003,12454.978390054728
1591,159.00318,12288.56867687246
1592,159.103182,12429.464128541396
1593,159.20318400000002,12103.709613246778
1594,159.303186,12510.857694270762
1595,159.403188,12347.434152356316
1596,159.50319,12330.736339060646
1597,159.603192,12383.0534264932
1598,159.70319400000002,12469.997451532823
1599,159.80319599999999,12436.852907465494
1600,159.903198,12391.553636308827
1601,160.00320000000002,12238.178444588493
1602,160.10320199999998,12364.660469696784
1603,160.203204,12536.083787122196
1604,160.30320600000002,12732.900298910596
1605,160.403208,12272.483024383822
1606,160.50321,12578.787577805952
1607,160.603212,12465.849017897941
1608,160.703214,12475.38811731658
1609,160.80321600000002,12573.928795508473
1610,160.90321799999998,12543.36831680987
1611,161.00322,12389.515030852866
1612,161.10322200000002,12368.44741685774
1613,161.203224,12516.074650868091
1614,161.303226,12879.492537677354
1615,161.403228,12773.511465564074
1616,161.50323,12450.066396429975
1617,161.603232,12620.747409506397
1618,161.703234,12325.471587726977
1619,161.803236,12494.134973426539
1620,161.90323800000002,12493.346476935632
1621,162.00323999999998,12224.945024164226
1622,162.103242,12076.381332709152
1623,162.203244,12236.498090937575
1624,162.303246,12490.681006017201
1625,162.403248,12569.359373972191
1626,162.50325,12556.728793403894
1627,162.603252,12537.759067899897
1628,162.70325400000002,12442.833357740097
1629,162.803256,12513.365976364508
1630,162.903258,12587.81177562417
1631,163.00326,12867.865983173591
1632,163.10326200000003,12814.714261466983
1633,163.203264,12506.92163712349
1634,163.303266,12482.460860169818
1635,163.403268,12470.304038708085
1636,163.50327,12579.189964207957
1637,163.603272,12039.990661831875
1638,163.703274,12299.62788382197
1639,163.803276,12344.276786477925
1640,163.903278,12473.323097909339
1641,164.00328,12418.688796880553
1642,164.103282,12283.672933560703
1643,164.20328400000002,12279.092688216131
1644,164.30328599999999,12170.317601743074
1645,164.403288,12083.122033359377
1646,164.50329000000002,12154.997810526762
1647,164.603292,12289.095156513244
1648,164.703294,12267.867745813228
1649,164.803296,12307.17609562229
1650,164.903298,12133.9344486746
1651,165.00330000000002,12190.153790462708
1652,165.10330199999999,11906.597532634734
1653,165.203304,12095.772007212805
1654,165.30330600000002,12088.348704486063
1655,165.40330799999998,11847.21940430484
1656,165.50331,11962.906712216458
1657,165.60331200000002,12209.686354893167
1658,165.703314,12266.88076953935
1659,165.803316,12353.846657168671
1660,165.903318,12263.70266708482
1661,166.00332,12000.453596157477
1662,166.10332200000002,12043.121161226436
1663,166.20332399999998,12043.181834827978
1664,166.303326,12106.059731302053
1665,166.40332800000002,11876.584125656987
1666,166.50333,11970.417125306367
1667,166.603332,12220.011091144188
1668,166.703334,12148.114189418293
1669,166.803336,11669.703172282947
1670,166.90333800000002,12384.469033398489
1671,167.00334,12186.068998912178
1672,167.103342,12345.902180766036
1673,167.20334400000002,12265.640604565748
1674,167.30334599999998,12633.673409996396
1675,167.403348,12502.873422555822
1676,167.50335,12353.8517487344
1677,167.603352,12342.180396444037
1678,167.703354,12247.503298326255
1679,167.803356,12251.158571476459
1680,167.903358,12430.320599049792
1681,168.00336000000001,11918.186165501136
1682,168.103362,11804.826703000243
1683,168.203364,11669.616199158103
1684,168.303366,11955.562404596807
1685,168.40336800000003,12136.430757891016
1686,168.50337,11879.152501090053
1687,168.603372,11905.966748179826
1688,168.703374,12003.798396056378
1689,168.803376,12089.148182107418
1690,168.903378,11937.203079027975
1691,169.00338,11884.725704501432
1692,169.103382,11836.351761826985
1693,169.203384,12042.045925073142
1694,169.303386,11888.867767981097
1695,169.403388,11851.316648912187
1696,169.50339000000002,12034.818519123826
1697,169.60339199999999,11755.658916844883
1698,169.703394,12153.574522770434
1699,169.80339600000002,11786.202155176643
1700,169.903398,11955.629173453772
1701,170.0034,11853.243950565395
1702,170.103402,11756.145811449716
1703,170.203404,11824.4470846894
1704,170.30340600000002,11664.652538526863
1705,170.40340799999998,11716.875893313758
1706,170.50341,11604.323638086034
1707,170.60341200000002,11631.855829424283
1708,170.70341399999998,11621.048875551862
1709,170.803416,11709.099149532036
1710,170.90341800000002,11968.621467914776
1711,171.00342,11723.227930627467
1712,171.103422,11381.210180094135
1713,171.203424,11261.132543248916
1714,171.303426,11803.151095936912
1715,171.40342800000002,11751.11903845989
1716,171.50342999999998,12008.718047195896
1717,171.603432,11453.957295882383
1718,171.70343400000002,11926.525254781407
1719,171.803436,11930.20087398372
1720,171.903438,11807.31667697987
1721,172.00344,12114.60279266945
1722,172.103442,12110.557979878162
1723,172.20344400000002,12245.956869498687
1724,172.303446,11928.115758609489
1725,172.403448,11883.479522042373
1726,172.50345000000002,12473.093872322208
1727,172.603452,11980.085233108613
1728,172.703454,11889.479501524187
1729,172.803456,12064.70947417097
1730,172.903458,11785.959611004477
1731,173.00346,11946.832338137785
1732,173.103462,12017.97194716345
1733,173.203464,11789.311717360595
1734,173.30346600000001,11871.423482143287
1735,173.403468,11742.266296839924
1736,173.50347,11771.125687520791
1737,173.603472,12017.357444294652
1738,173.70347400000003,12261.21097264995
1739,173.803476,11852.993313774221
1740,173.903478,12023.286371480119
1741,174.00348000000002,11811.47417311746
1742,174.103482,11708.617407855694
1743,174.203484,11691.052703627649
1744,174.303486,11706.150414299374
1745,174.403488,11917.785800683494
1746,174.50349,11835.327443729044
1747,174.603492,11904.346460737963
1748,174.703494,11670.941086059698
1749,174.80349600000002,11840.048238204648
1750,174.90349799999998,11700.867009960035
1751,175.0035,12009.709027674833
1752,175.10350200000002,12167.822648910698
1753,175.203504,11557.094639204619
1754,175.303506,11940.45459525547
1755,175.403508,11882.909420468159
1756,175.50351,11734.541879141478
1757,175.60351200000002,11728.532659606468
1758,175.70351399999998,11776.235400497637
1759,175.803516,11728.739617432084
1760,175.90351800000002,12123.31867160948
1761,176.00351999999998,12175.661954469586
1762,176.103522,11741.49639078731
1763,176.20352400000002,11858.19952604312
1764,176.303526,11453.392845215005
1765,176.403528,11696.296228858142
1766,176.50353,11584.747078241046
1767,176.603532,11609.82869937644
1768,176.70353400000002,11967.116803996458
1769,176.80353599999998,11910.04472232528
1770,176.903538,11843.72614799751
1771,177.00354000000002,11655.993207367876
1772,177.103542,11868.519760986796
1773,177.203544,12207.185833234318
1774,177.303546,12135.029725795384
1775,177.403548,12146.631902029256
1776,177.50355000000002,12052.697481639367
1777,177.603552,11925.326624074203
1778,177.703554,11940.574075407056
1779,177.80355600000001,11953.040229782231
1780,177.903558,11771.933317147637
1781,178.00356,11629.704280191629
1782,178.103562,11805.925893643851
1783,178.203564,11973.081678777682
1784,178.303566,12108.821243482418
1785,178.403568,12262.700267228927
1786,178.50357,12184.550962242523
1787,178.603572,11942.314092817112
1788,178.703574,12033.00818179987
1789,178.803576,11800.170842501138
1790,178.903578,11868.103316345707
1791,179.00358000000003,11955.519531346921
1792,179.103582,12215.490893210183
1793,179.203584,11872.065053730936
1794,179.30358600000002,11943.236092049156
1795,179.403588,11816.874202967589
1796,179.50359,11940.171878338495
1797,179.603592,12018.733135621618
1798,179.703594,11929.609867263109
1799,179.803596,11833.760741344604
1800,179.903598,12094.417632158735
1801,180.0036,11958.458786387133
1802,180.10360200000002,12099.811189364815
1803,180.20360399999998,11844.9684278717
1804,180.303606,12344.951667452875
1805,180.40360800000002,12169.018261448951
1806,180.50361,12048.305313520548
1807,180.603612,11773.780451113305
1808,180.703614,12147.408610243428
1809,180.803616,11827.980141152946
1810,180.90361800000002,11737.915216608448
1811,181.00361999999998,11791.457839079585
1812,181.103622,11609.76554997971
1813,181.20362400000002,11722.47688275379
1814,181.30362599999998,11596.575924674042
1815,181.403628,11787.189868579366
1816,181.50363000000002,11872.932707527407
1817,181.603632,11710.85322281526
1818,181.703634,11923.727511267032
1819,181.803636,12017.58859971886
1820,181.903638,12128.812513506244
1821,182.00364000000002,12334.326878055987
1822,182.10364199999998,12301.499227222886
1823,182.203644,11898.539766733675
1824,182.30364600000001,12107.73139467358
1825,182.403648,12271.342740998487
1826,182.50365,12116.561843519452
1827,182.603652,12267.64339762175
1828,182.703654,12026.904541974798
1829,182.80365600000002,12314.656797149371
1830,182.903658,11988.675918241852
1831,183.00366,12031.415816077108
1832,183.103662,12012.004345570629
1833,183.203664,12310.160399467455
1834,183.303666,12419.70545151358
1835,183.403668,12281.17044087733
1836,183.50367,12065.308315684082
1837,183.603672,12069.502509134532
1838,183.703674,11878.602831371998
1839,183.803676,12315.553331665813
1840,183.903678,12221.664730852168
1841,184.00368,11821.641911387607
1842,184.103682,12178.122469385462
1843,184.203684,12210.70653685398
1844,184.30368600000003,11960.032471807208
1845,184.403688,12093.714101977019
1846,184.50369,12017.057910929705
1847,184.60369200000002,12331.814083303365
1848,184.703694,12446.597760332284
1849,184.803696,11959.471176754101
1850,184.903698,12110.050076992537
1851,185.0037,11972.945432974497
1852,185.103702,12429.356718421606
1853,185.203704,12252.679755791305
1854,185.303706,12035.743907090393
1855,185.40370800000002,12210.12726032024
1856,185.50370999999998,12325.330064055366
1857,185.603712,12222.673909381281
1858,185.70371400000002,12024.046666078393
1859,185.803716,11978.860169618487
1860,185.903718,11944.674701480775
1861,186.00372,12434.958262722834
1862,186.103722,12106.755239989168
1863,186.20372400000002,12116.257563586234
1864,186.30372599999998,12008.32585306364
1865,186.403728,11872.206328842685
1866,186.50373000000002,12586.608312647342
1867,186.603732,12305.312389729606
1868,186.703734,12375.714804852412
1869,186.80373600000001,12431.738745219016
1870,186.903738,12370.98096498984
1871,187.00374,12240.342118950415
1872,187.103742,12554.380333234933
1873,187.203744,12432.297954176896
1874,187.30374600000002,12377.680471821468
1875,187.40374799999998,12380.061534824
1876,187.50375,12164.734201266821
1877,187.60375200000001,12822.758758686212
1878,187.703754,12193.392882575714
1879,187.803756,12489.560813299035
1880,187.903758,12815.236616551161
1881,188.00376,12820.477627049411
1882,188.10376200000002,12910.43696405177
1883,188.203764,12585.300223671784
1884,188.303766,12651.158857595976
1885,188.403768,12806.974765978563
1886,188.50377,12269.668007231965
1887,188.603772,12564.300345509217
1888,188.703774,12186.799875916657
1889,188.803776,12730.225440308723
1890,188.903778,12737.490675347086
1891,189.00378,12514.594322576922
1892,189.103782,12105.287801011484
1893,189.203784,12178.70933963277
1894,189.303786,11967.2651087234
1895,189.403788,12061.816814656857
1896,189.50379,11713.866807140503
1897,189.60379200000003,12079.473646702803
1898,189.703794,11965.426259665586
1899,189.803796,12280.740991665942
1900,189.90379800000002,12216.631347802313
1901,190.0038,11836.808573042577
1902,190.103802,12129.572935873392
1903,190.203804,11844.605772094965
1904,190.303806,11913.273870982717
1905,190.403808,11747.166458307553
1906,190.50381,11522.240965285428
1907,190.603812,11776.928741025202
1908,190.70381400000002,11783.14316116198
1909,190.80381599999998,11678.215086127875
1910,190.903818,11726.54622198246
1911,191.00382000000002,11666.531034927388
1912,191.103822,11819.335945141687
1913,191.203824,11693.52767437406
1914,191.30382600000002,11836.633055884322
1915,191.403828,11820.572168756695
1916,191.50383000000002,12008.028526398202
1917,191.60383199999998,11931.465577082241
1918,191.703834,12018.505592343692
1919,191.80383600000002,12078.164930645025
1920,191.903838,12109.021017652563
1921,192.00384,12067.929501353317
1922,192.10384200000001,12168.253163765534
1923,192.203844,11788.729557593888
1924,192.303846,11960.06525723385
1925,192.403848,12486.143365922262
1926,192.50385,12299.46297256539
1927,192.60385200000002,12351.186936601514
1928,192.70385399999998,12452.083862079524
1929,192.803856,12653.706025860669
1930,192.903858,12147.78010688926
1931,193.00386,12365.637984124942
1932,193.103862,12218.440206617723
1933,193.203864,12638.608200446344
1934,193.303866,12415.863065131003
1935,193.40386800000002,12634.26046755165
1936,193.50387,12886.4930037431
1937,193.603872,12694.930781041756
1938,193.703874,12670.30725084889
1939,193.80387600000003,12818.546802656072
1940,193.903878,12469.34935733804
1941,194.00388,13018.46585422121
1942,194.103882,12850.585708926461
1943,194.203884,12834.801913899055
1944,194.303886,12418.195085634183
1945,194.403888,12418.988054675896
1946,194.50389,12571.175509026281
1947,194.603892,12387.105743154354
1948,194.703894,12478.42633314706
1949,194.803896,12700.10139742094
1950,194.90389800000003,12594.62439883772
1951,195.0039,12027.764771357535
1952,195.103902,12335.656757198514
1953,195.20390400000002,12284.108499874606
1954,195.303906,12487.273380737435
1955,195.403908,12723.083106098657
1956,195.50391,12368.4063595672
1957,195.603912,12098.391777637473
1958,195.703914,12375.8557396322
1959,195.803916,12080.493468551984
1960,195.903918,12205.908154313296
1961,196.00392000000002,12173.561804503941
1962,196.10392199999998,11939.0415727584
1963,196.203924,12064.746588294205
1964,196.30392600000002,11944.465877547096
1965,196.403928,12188.853124728534
1966,196.50393,12157.901277695597
1967,196.60393200000001,12409.251946330058
1968,196.703934,12448.587399020957
1969,196.80393600000002,12501.00069879904
1970,196.90393799999998,12630.121672016028
1971,197.00394,12497.833841634765
1972,197.10394200000002,12393.010412265357
1973,197.203944,12462.469771703916
1974,197.303946,12358.804335836645
1975,197.403948,12536.743685966952
1976,197.50395,12332.9468579391
1977,197.603952,12446.445039582428
1978,197.703954,12396.818393404516
1979,197.803956,12177.038190431464
1980,197.90395800000002,12116.275495319727
1981,198.00395999999998,12258.811220477353
1982,198.103962,12362.614003216782
1983,198.203964,12095.753861884512
1984,198.303966,11883.930985782694
1985,198.403968,12008.640245885135
1986,198.50397,12190.721247538724
1987,198.603972,12060.135931930488
1988,198.70397400000002,12476.309807335734
1989,198.803976,12475.765731933136
1990,198.903978,12505.166488692705
1991,199.00398,12387.350152881269
1992,199.10398200000003,12462.011786118543
1993,199.203984,12279.448014517491
1994,199.303986,12198.541167307405
1995,199.403988,12494.792514910949
1996,199.50399,12340.325814544773
1997,199.603992,12301.374768477044
1998,199.703994,12332.840862170495
1999,199.803996,12302.301286950396
2000,199.903998,12350.600513729141
2001,200.00001600000002,12090.255051890812
